XA1,XA2,yA
7.01882943990057,0.09037284000156853,64.36641695963056
4.566259179066197,4.3682624887893144,183.60531168722915
3.576109385738991,0.9820662783532219,69.45792130667823
12.334022845990283,1.602662474693678,530.2621989379022
0.28377722705133557,4.9449223558596564,341.65138093361264
6.704822744528325,4.933723890923779,243.1355690952514
4.667773458570309,3.147677893742376,110.56825237330946
11.39680432030206,4.832685013977509,356.2904066558026
3.2552006299373195,2.570700808583309,150.57071044530238
0.7078717964609055,2.4435214246022956,35.26462555139362
11.437477534170991,2.0708965206951206,517.1589514925143
14.326775742796311,0.7027522683448889,497.72938633749754
0.11620297902878718,0.1341425510186267,31.549162023696276
14.01308999426123,1.703584339858855,678.3079466562273
2.4035507226077657,0.08691852775643938,65.48488093648182
6.586859224629405,2.542024644948823,183.1713106813145
12.775284601502587,0.7973125012348037,633.4779728768448
1.7188293999922266,1.9092560969754717,206.9576116648147
9.316328095767492,1.3506411384533727,162.209436735829
14.625902308977327,1.2474451494601857,753.994339701318
11.281352124646311,3.705592671584115,556.1684633538794
3.360961105393666,2.961092271963721,243.87769045457264
2.6217910550460655,4.75217267989241,196.7958333540772
10.743255310729793,4.902241850303169,490.3219709755622
13.281668112785127,4.247834493075452,659.5583149773979
0.5082237818017649,1.8523478561067903,4.271615961764471
9.974272710326185,1.4717260312259295,320.2854490309379
3.9513124301638514,0.3015950021423991,71.93224420360688
7.2070096781623825,0.3428545211346473,209.45354241568097
4.624871214459324,4.244579672303658,358.6668455974566
11.874764704494051,0.0203915614320499,541.6366100971513
12.99991047394197,0.6913603945663693,488.8638453674115
2.449428515062799,1.1511503557407565,95.95898022361988
8.01191245196484,1.6345694412399698,239.70126421905948
12.045930353261937,2.876622599711593,415.41702640672514
11.507037232937847,4.725005693752708,645.54755791712
6.5006205095504,1.9371102957040458,216.38260465102036
2.610536577488938,2.269323924906975,244.35621092001267
7.328035861732858,0.17107489109062235,78.02957720582758
1.5724317655593156,2.30870476642436,63.743262319697294
5.452973379890763,2.22012525287975,362.4900222443923
0.9134305573664342,3.115012812314749,127.46096885021109
5.9880081686012545,0.5188242683762162,170.74273594377928
10.031637038299934,1.2735391971320031,336.6365789329916
3.2881845645332106,3.2335039501590463,281.55470186918075
12.570126197121349,3.3472956019570708,800.8691902185677
9.622698349747091,3.036951706340453,198.75152440531946
8.64937095126089,4.787219977882257,451.6335856152004
12.273629183829101,2.1790104335433984,694.4454881311358
11.460003861780226,3.5721665468638424,416.60192180178205
6.647364115837457,1.546690713282719,198.43972090920948
13.534873203801403,0.4018289924803481,579.2589296394146
6.067614674511657,3.871847625789245,398.602224458131
1.2906485733692652,4.317828285694726,218.47043957093868
5.107563880883198,4.010633584975877,122.38640778612893
1.4585301179320742,2.3171938542328867,-156.35765143037617
6.9076760635833585,4.17991916119931,234.1649410048521
7.857757077684864,1.485922099534573,186.18104630284523
7.50113264403735,2.3375104727783063,379.3017812270083
9.075891242006223,1.2456739813947315,392.6749844974789
4.969768109736537,1.551750916792709,150.4653130220131
6.171480116666254,1.04265857081921,96.43089351050854
2.6524465164302398,3.431532413421212,178.54598161216165
6.6305614342689925,3.3849610536074266,362.1797830841065
4.384132651414381,4.493539044960952,332.53407258175736
1.0061411926613566,0.7307232529160856,-46.9985027090981
5.115517545390267,3.5003497242712758,305.18134963754096
9.291564986578173,4.033939434071142,378.0438924796381
8.010914123192265,2.16471917453275,384.933138990247
8.679774901871912,4.228051749547722,445.7738813217947
11.983469672153218,2.689707531085193,680.7221944717921
13.332318275017277,4.714013963831556,856.8341327104197
12.737259227234876,4.1707412757792985,604.3687498041071
11.50143406827009,4.7333883116708595,648.2754797293821
10.610809194056616,4.499183989862837,583.6514823700064
10.104152506649113,1.649292155419329,544.3600115639626
2.92368488991581,0.48268798462704154,147.02602445330098
8.996364862810733,2.516868247835169,511.7696548367569
4.9769506303822455,0.15546456091151628,10.438039930704747
11.182201339802022,2.8025416264456364,447.22835556799026
13.302841062999914,0.6481476483412735,541.1960408699997
4.19947462111542,0.43173915116630546,66.73281536104628
11.39911276792629,1.1389290429975818,502.8697580704305
14.351487212696343,4.454539653446414,871.9658850744408
5.971604976681451,2.3814014379662707,202.09550768144527
2.3874152941455664,2.574983533746378,166.7441745525414
14.411841153806485,4.665485911510068,734.5076128498122
12.25692208584143,1.4834455657164758,466.7351845216582
6.951267403182062,2.9164677261197,279.38011410561063
3.9614108992124653,0.061790989150187214,104.07132126207553
1.9319391767493461,0.10685908568468017,-61.80639323198902
1.7301203643390335,1.211022423200529,74.83390242175682
13.737686310553292,1.980549760071284,610.105215626803
13.080548451058961,1.8857141784147609,576.9799632956788
7.555480461154345,0.31565961756921446,115.97750986134179
4.869477670287543,2.9435908898905034,172.52900721019356
5.583514289161325,2.4609866197151353,80.57914670940153
5.437065577292733,2.2144596935743865,119.00186565407583
13.09256551024213,1.3864629537340862,649.4815191781448
12.151683059409066,3.623392279340071,623.7714786519559
6.39520767317434,2.3627892315023544,408.76344633243275
0.05953016524011423,1.9616106707902237,15.869316823845107
3.64506519936567,0.4880679363283946,-17.993267666547766
7.5058407561208025,3.3509869493918005,412.75107163159737
8.226076022236658,2.0663211722506474,136.5498423060216
11.883459950543894,4.800203557474178,656.5816474854201
10.723690820811925,1.5647860680404013,439.2888654377858
14.220195548420508,2.868508467479595,704.0616180297627
0.09426175102375034,0.13249020665486,20.01610245753487
7.832475367459805,3.241331567517161,317.58295171838284
10.678171090792254,4.133448031577634,621.6602555823843
4.851293700944285,0.319968767255866,330.6590533149636
5.080718964238253,4.700559757546098,173.56602838151775
4.110007885923849,4.523675515076188,113.55888263448547
3.996212096397275,1.934695010122136,187.1133028905415
10.361796156879997,4.416159673944653,588.4976675402381
8.682507279145618,2.004023244174389,163.95120065109472
7.836491505024795,3.401233707210821,363.3517082791283
8.866795445817363,0.08258159384715413,259.27425654370995
10.235402315280423,4.987169731043505,440.9710449817259
8.148878745013597,1.8036779665551435,276.0842017135295
13.337665904300927,1.9828344193861387,495.2079133220027
12.883094906850161,3.2690698414554658,576.5822829157898
1.1696282550387804,2.1706329469524945,81.28534918417799
5.511723951853088,3.4607692382708444,8.607259720264025
8.630862777701612,4.278006463052122,174.26602635804142
12.846393200163469,1.1325538577630867,552.3229127448111
4.631332177776056,2.592382523254563,249.7932937880609
3.664042605512554,0.9304594092370083,29.474147839923894
10.832318634127152,0.8275547026430119,402.6240126948661
11.53342117001806,3.9928097902966524,615.0311253648912
0.19096736265904912,0.019329049053974368,102.47035501467779
4.165041073431224,0.018166534303710735,198.0896934080507
9.869513298255058,1.9069601901878892,325.0789571097104
3.332759532117616,3.4110889578974724,170.52589685436095
6.0291777606991825,3.3030385883792492,281.0424979092662
9.035893172806343,0.588471139877283,369.73546328746625
1.2040412131336364,4.82253936345783,244.7787530874731
12.68818293765112,4.373601197909049,623.2408885746162
14.029388256022491,3.912868913865844,782.1758466109192
5.6481782419214746,1.5015813910761866,63.788369130849816
8.219778809832102,1.3831519172330893,394.84079834157876
5.9616580354580915,3.331495709184119,326.77243933431134
10.43195426395409,3.9117698379296595,371.2653101645489
6.233735932648869,2.719327758912555,200.5403915527175
7.846072787669074,2.167422243610929,332.06433414539663
0.1086189558356132,4.704332709776754,135.12173265885264
6.547866743725884,2.3492160059070595,241.66493843589944
4.073641741396482,1.7285456588816288,126.48342636617016
13.072452744253102,1.0894244171289191,702.5410608414194
9.703692638398207,0.49367418758667736,166.02327038643702
10.737583946577303,1.056678047739727,442.3896215459511
12.399721195412567,2.394481299535471,664.1555022203545
1.132877236134382,4.5801518848298,153.80498581292034
12.878491034248686,3.563765362718078,585.5183029972773
0.5551137851799004,4.831618108844163,247.83770159605487
3.9885333836448535,1.8791351609741143,76.62886199821216
5.382711639062848,0.9373465103508949,58.41380176321533
10.079477930662332,4.662409863429133,555.1423357412024
0.3231270147169951,4.745960657261593,238.42665659616208
14.009634514504025,2.10514995070801,551.1254128252272
7.9922260520560044,1.4138729334138744,253.1072097175766
7.770878087515032,3.291781410790925,286.997950031806
14.714672641008026,1.0698949210039654,750.057891699581
10.242018784275512,1.1798913392043513,322.15214000841206
4.300355266811756,1.9428591965344917,121.99995096554416
5.605159266916418,1.133567087851031,-2.9385946297846317
0.1226796916668893,0.897913571676402,200.01888452100076
6.848451090635074,4.2191210637932866,210.27353119879137
13.040758327005484,2.6209289803932956,761.0649750265786
4.51088208202829,2.924983122857298,257.48258881859033
3.208961892553944,1.6925847349846963,225.54380625959612
10.987058072627475,4.4387664603787105,581.2647382554037
8.627930706150584,3.9009279520980087,490.9099935358154
4.430868849942512,1.5123611323780195,111.6165941145906
7.000827437025355,0.8067969605833897,183.74392710329755
0.9086173989889018,0.8297464274283811,24.329808295488725
1.4893579548007447,4.975516811740644,290.27840995772306
6.59553674443479,2.2405123305733046,200.87235386635223
12.276362992447249,0.2695077655365491,381.3794433310293
1.2047305394700696,2.707055805931566,66.7250188928349
14.50262252247075,1.5948651590528402,790.734322766358
11.87359761955912,1.0399073913256607,366.9924784675309
4.009978191685677,4.384494767031473,292.3246997106378
1.2915041940203338,1.0164043151862883,56.482482113200845
13.154104116101637,2.5903454090265043,675.9976235358866
6.779074894010765,0.6632271133940482,192.9630425252148
3.2669315372412475,0.5656152618725863,63.15646199336122
0.7848724387692035,3.3004460529710173,61.53792774164893
2.675762533960669,0.9837398773415851,-51.9217475110886
6.959303652681953,1.9464195346410873,206.87692535934627
6.059237195270882,4.93777835494275,286.6126885967891
11.909838953827254,3.09687938664929,595.0433292459119
13.089652224243647,4.614283351784664,763.2480101788128
9.079443396565006,0.23344298374808503,211.46586015680674
1.360373952294337,0.1393870037448619,-46.06400911858741
1.2797021706481482,1.1598846355765842,133.35213327645857
1.752363101018581,0.2256177980308416,-14.882054082067203
8.902147542542561,1.0803364078842692,263.44017679729785
10.211552915767628,0.5746419939115238,325.98291910985654
9.996052038199473,1.3186958593128146,210.019929999454
10.662608986073495,2.4314815767067604,595.0004013331042
0.05120495101303857,1.8812324078705616,69.46657604616159
0.18628255117046522,1.8435217828195594,-41.69811053579668
3.1174583422830473,0.0994925355612103,0.865963921402912
11.024971718279701,1.502774229413259,296.4631559683475
5.902719268520082,0.10320893722056301,-63.39983760409832
7.451919088442788,4.7469742970415805,389.45107873984205
13.946081892034664,4.637214364308053,895.1252173663728
11.318745052697638,0.12422896236746306,437.5353592769347
6.8637670501874375,4.851792202324649,428.57122304644247
9.856555304600676,0.25801993562476977,383.06492071656726
2.6097712542871374,1.442716670293978,134.26953135170618
14.479870336268428,4.5844507492063915,876.8147905655723
7.593573723277056,2.064931076833734,149.17348972950754
5.032264578137543,3.873577381600721,116.98958259176007
0.32676190727965126,3.2817235013283113,62.68124165109995
5.009124071500334,2.714875210221722,257.8544777421219
10.642678898022638,4.15308765159906,592.1804949111314
3.45201154473341,1.2148342286721818,170.22112913352214
10.111387198880003,3.9897641023582278,500.23724897776077
14.960662212142037,2.6075230433998016,695.0468045109762
12.981566268438135,0.8590721586132793,638.3635472859069
8.818350472920141,4.264120075262822,500.61748706135654
12.762100963278547,0.3613260913393551,456.2435571785229
9.810138641883613,4.499987638095566,365.70965075377
5.3017089125767205,2.483466567818879,193.6888176856933
0.5050716548580098,3.1747980224732015,66.69513214906677
2.6649198270844963,2.233275881820622,235.9165082122558
8.67743667968804,1.0746999927384167,253.41881402709566
4.284185195693796,4.984951803029091,354.83935649598817
5.619040674472602,3.2424846307813047,121.08769080182537
11.173830271118089,3.248108066203357,611.2226481929675
12.641284783380307,0.7028182688544671,364.4107277277193
9.722212700634426,1.7035648095795368,373.55205461233203
7.547313583989265,0.40335271882070534,193.53027466796408
1.5945591803155974,3.0724513014297576,138.7407322531057
0.6484668405897459,3.1713960566927195,147.3961310177807
12.938907546343042,3.227717063627089,433.5415510353265
2.8041798444898114,0.4446568286558261,96.96576460498137
8.362703373705031,4.372572527526019,356.39240599193255
9.874869921667136,3.7722600396568944,371.3507900944453
3.377593813575719,2.356665010752132,120.84267566896746
2.4592177169664757,3.9113837665969102,259.0761793539084
3.834388216999959,1.956213935732067,87.22423482569647
6.143594373482243,4.017714110394456,139.01729478204751
13.890151132578502,4.841601027028556,672.4050507359436
3.886779838371077,1.6305450603899385,-120.66929443133685
13.853626557811392,4.408623391139896,1011.4922727190358
4.70011703623282,2.115572310089581,140.60240049150593
6.335042329693035,0.9258363486168852,186.6973216019724
2.975246387282878,4.6125754404164985,209.83281717318698
12.509198967109912,1.8407567294641036,451.8581644070489
7.8906032326723015,2.2943662408280434,507.5622131366937
12.122565166696429,0.9184067406960955,383.8490350406189
0.3036068267620179,2.5161399834477627,69.78111450653117
12.07391031414862,3.6769934674566613,455.05580191323736
10.35923376718629,0.8704740960548568,442.92129370410476
11.263032676808626,4.9355513386943395,624.8387650447323
10.884289660766594,0.6798663843727359,381.62726609870685
3.7111305077076238,1.039569595110702,100.14318423613709
9.952907392712211,0.02438488235792069,234.72467304180455
12.242588370988805,1.7660608791622312,580.1493785247328
8.942074835176552,2.5929631024324684,254.37444369572628
13.818612894170375,0.6964037930034905,548.6001462137541
11.302700088591424,1.381575965440327,520.0943448482094
11.926261281135387,1.591764976667619,510.5956546765543
13.851645076968047,0.9362538154118916,671.1163951047138
2.807510736061249,1.8527805354891362,252.9989017760136
6.0975755252178185,3.2932888209543947,391.34461163877484
11.415419318338415,1.5639458041806609,377.40040519982483
7.914636289329739,3.421840464299233,434.6934039167451
7.98994283983536,4.658233557145125,418.2074672541364
2.7234570703406673,0.7051847001379186,52.31283513163374
3.3170496803018987,4.469471011787923,361.3029821974035
8.700415970606594,0.5745567093593856,156.50796985881155
10.648298496543495,0.10543087909795634,386.7048207750197
12.555705618892981,2.115823864649652,667.2031078639286
3.1530619449923294,0.14809121101875877,117.01219747133035
1.5411364378084746,1.3647017985336536,240.64811711899438
14.789962349758788,4.8151071180941365,717.0956186184835
10.522867347458654,2.8701728194298544,520.297759099455
1.9093662678785077,1.3781773387867342,-7.690767519729743
8.753131878634111,2.546287257198233,333.13118053069024
0.18237082959515427,1.4148454439615894,79.09388722147395
13.783524953063845,0.5352276236117975,572.8254446470087
6.466133197482017,1.20647162896472,113.78884596451158
9.984899179972054,2.1707543158940394,294.400813975386
3.896753068055817,1.0864211976190723,127.83673153433301
14.979820065069825,2.4875013101563024,941.9355000103262
5.103949178711401,3.36854780998965,247.27005848662594
9.780287353944715,1.0403387515685076,452.7506057197967
2.489078055912794,0.9663851117601291,267.3858384897878
12.743650898401537,1.023229675010715,571.9121839886109
11.262356923899423,4.782390545268468,755.3403395109531
7.652590620519673,4.693515722684426,458.4685308420442
6.600557366802077,1.6049171694269386,293.6895839059807
12.495120743304614,3.0356584354332083,612.9470142877718
1.5741449307782918,1.703859927582339,118.27108849673824
6.367652450876258,0.3791981350005308,113.48447433041278
7.9451168375129475,0.19189335517555528,293.2633433923734
0.49771820888883656,0.36429905107746186,69.7710045727418
12.066842239592923,2.964957431386144,520.4404686982174
5.553276704357138,0.8625318272338228,216.36345959730778
0.585644151766917,4.607903423144144,239.74794811461936
2.5583635541715304,1.0883827708487863,115.63331003186431
13.788124707108155,3.565589808029164,834.1900392888351
7.3155088287446475,2.1057824008025077,7.232293877546866
11.896250233206437,0.017638244278491144,221.73243170423436
10.860654428646116,2.460932277946226,441.2974864687369
7.304874870376638,4.5877807574100835,283.41771295499495
6.198904508867045,1.0216846941582007,148.20265423353067
0.8024385210334173,1.5414099382002981,150.49716161967305
11.466791742891882,1.3562724240142292,586.6785400419451
9.426848229583557,4.986710157169834,495.25091981180003
11.433576535866061,0.9952804153595063,476.99466207587
3.419926917034787,2.025004015570743,244.17270961672216
0.29309666745290675,2.1571361508655156,191.53767389810906
9.40097393409064,3.2715046090158677,362.82560904404266
14.500963776069081,1.5813466050651264,772.8726059040074
7.713501744417346,4.587632536949796,297.98720997282817
0.5150538828704837,3.4010467641090543,151.30124474045152
0.8782757515492495,3.5254718069546955,161.0785158625018
13.351123681201532,4.482294790686105,674.683886221823
6.365151230037454,4.993085385310785,478.0465552828106
10.813131264870039,1.6545876809476696,412.42079151961457
7.269768129475072,1.774109134065086,519.8297384170512
4.922472063369877,2.915404441871454,153.4950451811498
1.6240187735141558,2.097571655099819,74.52342644587057
14.951451446926704,3.6489919081754834,792.1397628977597
13.341597526940923,4.888329608923715,746.2581302183924
2.6566111596854003,4.553336585238184,294.8238029492372
5.177564851302693,3.265314572160813,210.61740317209342
3.407493939869256,4.787630226368693,265.6555269083246
13.692704159650361,1.478780150328915,839.2336863501164
14.310576585081598,3.263771475130959,831.5750042010116
1.797797985011353,3.867315004086693,224.7243837423681
0.8768890540046592,3.5439967400967785,72.17664540132421
11.894919260282657,4.43198819862975,809.781890981261
13.466617175159882,4.873186420178584,722.2093718417354
14.843372710336745,4.381341654652556,900.9136199814933
0.2902682571165449,4.755366465610435,232.37727121759326
10.575135371927002,2.188765157926994,522.6447768058881
11.962500518313957,3.0926984405753997,611.041436604068
9.918506066365865,3.418574232744101,508.94335686915264
8.459791187535346,2.7894685392607994,172.48969906015918
5.057987025679706,2.0064308344266752,330.55136311648874
9.54192751638976,3.6677735440839516,518.9464686148772
7.896080054740737,4.577621986707017,342.99830370099005
3.689134830244348,4.984219439303685,316.07132868802665
9.258497766602657,3.123814577974611,450.83276299395834
9.500462161288727,2.176081694299567,545.9648282264342
4.751130030056286,2.697398207642131,284.23543729472954
9.317307913496162,3.0894107934703823,380.4166285243622
3.2034272883281467,4.350694691614895,175.7576724743962
12.674259177144005,3.663925757246376,662.807076392253
7.6971187814237565,4.012255288716102,480.9551654039242
10.66131197456486,0.8733032839147853,182.82207379766376
12.650286355952964,3.595890596485785,536.2341630513397
12.138776111700722,0.3462887900263506,486.3834524544138
5.7648000587372366,2.945481615397947,288.0438494041455
12.888357601527417,3.8333182848824796,720.6357765487476
4.417126236061742,4.266342142029998,210.0300738757802
1.798229958264006,1.7142266956782066,82.95324778343956
6.950594171141759,3.491985220807199,321.7742513018736
8.381863245678485,4.0451330143655575,472.4104544845899
10.825349697069313,4.159423434496451,440.7956804800124
3.839787604989459,2.5810149520691335,5.183581977184261
13.58388844980208,4.75677829893722,753.1463774283463
6.595860042844183,0.3913293598245299,184.968065381627
1.468281490262917,4.4159565504016225,267.6295467881906
10.319197323087657,3.330449291496567,434.5253547527818
1.4406351058065021,2.5139037365562045,70.3373223204085
1.8658032756342202,3.3030437889714497,255.95744178094216
6.059706797226459,2.9091513434372267,278.0830437025685
6.903381762475599,4.79411432984181,352.29470948011783
10.39171142218813,0.6833536311147387,276.74125099374993
12.25975130220833,4.56989042050776,624.9216709666554
3.689381098581744,3.6989911160924027,135.85620466997148
8.6994692057761,1.472577615665811,245.70735758409944
10.638781504297516,4.505165145540902,469.3069818061461
5.841805670893968,4.284736003129044,334.7832801606765
8.903121403854207,4.613450397031108,388.1108248246702
8.604911077998725,2.132687781229981,249.61887347505984
4.226962959751099,3.898498787810106,160.41084271834666
8.830991591211353,3.7402531217930517,396.6732079008752
6.2160916344085955,2.070232657343805,227.40128026874078
9.58056553067125,1.5509601925179566,255.49529600787446
3.5968743324186305,4.930943756563601,244.28299358673942
0.8046183832968851,4.759047167044458,94.94695361314213
14.640067219503955,2.1915209159114024,931.3637785468542
14.859937619406132,0.41761338221172284,667.8652159085307
4.12256106758866,3.8625463045871506,367.4809829307328
3.611780900977487,4.598787754649675,152.0029196372043
7.564949568811874,4.945979390391948,413.35085395249814
10.855429990718825,3.618653943494694,544.196229396595
12.425710560248419,4.347646464528103,661.2315574250274
5.471889033971152,0.09421173990978526,128.99975670520462
5.051587844119228,0.3743129156492403,79.039799375538
1.5612476692442363,0.21075972356800365,-14.536004232703183
3.5950035634491293,2.433822896770616,184.1702181743489
7.187441618763472,3.144775516645809,257.3217963649695
4.45247669631672,3.9051672401042414,311.04588957626726
5.194188080639037,1.5618281445114675,139.86228245176642
3.2007242581596196,0.05233476306847229,-20.90073081723652
13.56088953281509,2.7385592708620408,718.1876612591248
5.108476464769847,0.8671851572672545,135.61141890357032
5.844970481029847,2.2984543557414714,197.41968892392887
13.29528620172842,1.1634902221181387,404.24820995883664
4.257260628197188,4.248703530073636,222.65320787638612
6.070061367153186,1.565976086053864,233.15774938547048
6.402465986658741,1.188536613964527,196.91009663794495
10.539671060170239,3.811554906700904,549.6556654044297
8.500979130255306,3.7675456654716735,265.5928037106902
5.411285506186151,4.8020908288419815,407.1544626557759
12.192857953206074,1.7522557465425344,466.59820267780617
7.104005825947115,3.8058473511476936,470.9454441620876
14.428601556964328,2.92335627025649,638.0581388327785
6.483340416575228,0.41184234989654456,158.0243221969581
5.397777106909017,4.164187299831681,234.1352855341573
8.27320257135082,0.5127599810188194,94.62623558470003
3.9870440022014777,0.07937033650222858,100.1013624067893
2.0091609283377743,3.889890565614608,101.6895646580902
12.472008347598067,0.019172650856623674,444.1969584891551
1.0860437010255568,4.937659848195533,70.58086620837216
13.593706721146411,2.790591983829807,717.7527790373799
0.014498924338753327,3.4427308560851975,251.18313203675746
14.169159728440935,0.09981276305461917,583.8663765016657
7.529906624147459,0.11631340151737557,295.5980719450703
3.0768000911581685,3.508781563058669,213.45919320551693
4.36499509512875,4.066325783070025,215.68406990405268
8.060124975963845,1.3774575585523263,286.9409286091503
4.082016643677911,3.456800485937083,201.47977981671522
6.399866251542724,3.221070538968423,284.6186615246406
6.20830315023134,0.02690379870896986,231.2587563347549
4.533365060491844,2.7917905536969636,414.3663693928414
13.248231463720089,4.37425928854544,743.8200978735733
6.429109992724788,0.6092905225638651,113.0027686790561
2.5768832033288183,1.8192747592919196,139.66335507902068
14.090621536349065,1.894073238257607,793.8134208409128
11.942588004799227,4.826292594291945,680.2215671091732
3.7329799684601914,4.228201849805944,380.9317523501831
5.2010513721369875,3.50312903897633,264.05505664731163
4.079951316564163,2.6180575029550517,250.5448744960068
13.231870421085013,1.9761338995295925,596.3238447698564
11.009344528124062,1.461250784967007,399.9775661183367
6.3606173951495375,4.509219785344033,504.2883249941877
9.915031226257033,4.602464320595747,409.77810784471336
14.856796035980235,4.702991708676564,784.9024419712816
8.568357020497926,0.4640841708425114,328.7368450538804
14.153050240306623,0.8846590332310034,613.6135697226586
6.440659673098229,2.5666871210551663,218.53137794951664
8.96074815668841,4.553516469851104,574.8997780497659
6.953318630828173,1.6072173742104612,91.21571412823698
13.174138245715394,1.7901267804079535,586.1398173465946
6.658861806535081,2.926239342574246,170.3206735285908
10.793958410385613,4.618204213051586,470.61207624772055
13.728405211192852,2.0593463244527754,725.0229141416756
2.1221964708613728,4.978241367883829,111.08929881199279
2.8102177846708076,2.345783201776018,209.79609788244827
6.474972426445985,1.8618599666786344,143.256357836744
8.811121129087796,4.176138368251482,382.159548978041
6.3819468092705804,0.28475590882373225,-30.388077573576837
13.142419256806173,1.6057596145761255,527.8336356304338
12.95496783822925,4.061912228808626,799.9297731148397
2.064560954853584,1.0146341450573015,91.67664928889104
10.36263044739935,0.8382755924544932,324.32724129457216
7.937406175181266,1.4642915478085046,347.7908977666556
2.6807593664676475,4.827196399593648,386.67021442087594
3.7224938482662173,3.2922125273688208,257.07205188610965
7.968744387006751,3.4725086681465775,337.7553469090749
12.524057859240616,2.1668466488155897,553.9520469004968
8.023001528431346,2.150318194460538,393.98359063304997
10.174881668175425,3.99381742787549,560.0212668871206
3.6403827032253053,0.6801709551647389,87.69838375572257
2.3889666182455875,2.330102584582467,208.62940427332973
4.424481767024898,3.598304486862383,305.3829198759571
8.863695272155258,1.2929720499007442,319.69983050359394
14.39232606986378,0.5155318891611865,657.6307502042124
0.4857488272005672,1.1535137015561314,137.55677361752004
7.365874564609754,2.086013016179215,62.92406729785995
9.788300013304177,1.750207996969602,223.31189715697744
8.173787758620092,3.38729272968539,441.77644785193525
10.51435466328124,0.4946533841551731,328.7914774398152
6.283289751869782,3.66598579605619,308.50799359693735
12.065667824747209,2.5086906180628787,540.6112492258404
0.8133465460783773,1.7953040535911824,178.6914252676647
11.288282531936453,0.983563715543922,462.23845866051226
8.717768122954077,2.640227102908425,393.8275392280914
8.919629112072839,2.0885107186183345,380.57871286103284
10.862457762391585,3.9217646933101418,586.1406896852369
5.26725543794342,3.3320213444407853,121.00884389650949
0.5861701525663154,0.8086596974204191,-46.28188070887061
8.525682200959032,3.3100596910691897,390.45381023551937
10.219821898714947,4.292460081625361,585.1951392059908
14.754260273303348,0.6952487213740216,606.2408489964438
8.148482975961524,1.7743165925771254,367.4428076908024
8.506591896823895,4.873439766494524,263.65436845080626
2.1283904207717756,2.524649284377492,35.684524478425374
1.7707010566801578,1.1265593154155757,-80.91684428761063
11.048180189623835,0.48034042096906426,425.87306434739696
8.940557717751883,0.1520822214680817,206.99162469810403
2.8620461695274875,0.9451658237069321,122.42829355845885
10.946459741136406,0.5795544856581542,363.76561290177835
10.998255103266867,0.47813631525189804,413.0175991724142
7.250898110835175,4.674311936979328,297.46757687373963
0.021450015626302554,1.8068030281386087,215.9605562412112
14.962443611743229,4.221743728038073,814.958684469399
3.2378312100268234,3.010367894098839,195.27801822893048
4.08920497112439,2.9918058316620244,123.17844706020341
11.256576863998216,1.1220504456990255,413.49672110628853
5.7783000125478345,1.044968205883356,223.0072163369496
3.817098621242613,3.143933630632729,123.15914624658718
4.187140892400448,3.019955555480682,84.65971940092147
4.432664938420235,0.9934361944905773,-36.167287991088365
9.511757276575187,2.40717116027144,251.68306436080798
3.426734823155033,1.8611411027878022,140.55197351806794
9.329518636854289,1.6212044980214702,365.4255525794083
1.4756954332954209,2.135872698083195,159.58486814932553
1.1313693745126385,2.4152581331320104,247.59303263966805
10.938836573613596,0.9332844674445429,382.7624479473866
6.915965481921589,3.7626511857643785,185.43163582393993
11.886253600944759,3.810454139997757,466.4527981728987
13.806012647944693,2.520031413736053,536.034062087642
12.8184760735076,3.00348861445038,523.4865741793849
10.06289250320817,1.9397817371677788,322.3925739026722
4.604085607011392,4.0391782451313585,286.4498577563044
1.3243563042051976,0.5618594432863672,267.3412447691028
3.036144260650596,1.6329695613349764,119.12369484931588
14.234609180930443,4.932578896937969,918.9003528139658
13.327167964139171,4.190514909259812,594.6427559864703
11.228784162789037,3.6106206126375593,583.9555564634386
8.601313952332973,2.18316000396463,253.7985622027703
2.2530734664874035,1.2383270031732092,-5.02577791664109
12.354297060666337,3.9038389539631675,667.183647267299
2.537527832728429,3.493265579057392,140.24801085336105
11.534858141414183,2.577005790768804,569.4107751107738
10.374651184376924,2.794933556168704,375.44745347479414
10.594161230011368,0.17848021860856877,287.4565676263511
8.25793022429008,1.876591074707249,333.2746684533049
2.110594140575376,3.3705109856770905,196.48800926118815
10.548945275060811,0.5487607159057306,382.96614215730443
14.180774612838155,2.801562059947333,561.1874722840847
4.601943261667857,0.0017683198421164503,56.15805728765274
2.8296896748205045,4.879737554023547,248.98732482868235
4.073453176336656,4.16928780896526,297.0922668210618
1.0341849398757264,2.1894566515117573,119.91551399417453
1.8697175140475775,3.925022243067903,216.583123326222
8.01252592504579,0.8959946535339569,389.6676046403766
5.070672163704151,1.7527926650018544,-41.846888356856006
4.092095323524561,1.3386100972032677,167.081377586367
9.004334796323686,4.125219846510435,406.70065563414033
8.240210257606677,2.422099788967658,304.91359256768453
8.357542052571066,4.32011655927634,284.91222283700233
11.093714041508363,1.6953955404421355,533.4092769167113
11.639050765589825,0.5924087752833368,334.935625046508
2.496639326441845,2.5970994929903375,151.84378888721332
9.546680076536449,2.9388873458116915,298.22332748583875
13.77081963657713,1.8369791244408513,581.116472706073
14.232893619778018,3.636811402975905,652.431226667249
11.982152205362933,0.30581548395568425,519.8147870682346
6.948656152810629,3.028307715488738,260.9302689714225
7.4109977517551995,1.9688678502532775,220.71864684384826
10.323519674736112,0.924044917548183,449.99954443513536
12.612686300786972,1.9754045286231658,459.3537146861466
14.719983628260643,2.5602187642063576,847.4706865591527
14.968038228746234,2.6229966588863767,889.9008260965911
9.299524780271035,1.2854594483979058,220.9035720951679
1.0568958090330445,0.024192723706752406,-72.6428895262603
6.829015220947471,1.0067487715861105,294.8853930142472
7.094136057131896,1.2420514375624885,225.3737732190442
11.933513860995763,0.472187374525575,477.8636224456527
8.790373384436812,1.4629672705356245,304.78305791706595
9.725188593810323,4.941123031315942,410.29226698896434
11.618822393524527,4.3775987128645415,785.0822603834082
14.88236153665331,3.6400583413577197,633.8478144084308
0.8544301315225672,3.5702718050857634,101.91449632008037
9.143300091177926,1.9747387109805192,427.51219148580117
14.119242989274554,3.3179443672090447,788.8744898912528
7.933183893885499,4.354638313955718,618.7045573952382
10.858203324315335,2.767482521420139,624.1683527074177
1.058446457996226,4.175894464496535,139.96358434803238
10.363872454123868,0.0341931255068334,457.9865867288469
11.544786022762136,0.057413765117306226,515.9368094330275
1.6880881514363426,1.7342082266549137,56.04760278556292
12.801084616581244,4.463306261557092,601.4243415320188
4.451980413760856,2.561769032479295,138.85095389834294
3.085169752875175,1.1878688534107944,78.0695060746512
1.0772664245171792,1.5902507674295852,79.37914595302769
5.832052003437437,3.7884874811158546,-20.068271420066594
2.0856040444075563,4.01497171789765,94.75846652739645
7.374722810957238,2.5852169915380023,231.996639909936
11.818867548086532,2.846882569826044,646.5517238020848
6.4526323453327965,1.6447744687924781,190.83328708511573
8.78185531653195,0.8770386540739222,318.40508125054953
0.674332936476239,0.5940510351681538,-45.53944519425029
3.762121649912377,4.170525739602937,281.91940959186053
12.555423505573103,1.8062195821671363,639.0380864430681
8.637645289258847,2.673193435988118,203.6002364973886
6.998489826345204,0.18961573436636125,133.74704692615208
11.189094891800007,0.9463478466711167,436.3516628713936
9.104683764531378,2.0810012515405707,268.8548820648921
1.927702132973748,0.9129268048524047,104.64277924066892
8.330738847416905,4.534413376894224,421.8478318589804
0.3997157423869496,0.5138714657591137,-80.69267823641033
9.504822082527678,0.18227670522438344,432.42646358117565
4.829028661992244,1.2343644347321097,41.829817056014036
3.1887861068662584,1.8382169536279798,64.11615773431473
11.6127422635499,3.839128893891238,579.1303109982448
14.15431475353255,0.22605988626119566,656.5464757049259
7.7662970000430605,1.3370740291609868,254.30281875965568
12.637496432954155,4.052498271991917,581.5439977286234
7.32661684286151,2.4037870822141674,255.98712495205223
3.5947888814750284,3.5098360987628645,188.73991746982608
13.164895908432136,1.662831344617885,532.6159566522952
9.796283344931666,3.496915977807375,458.62513389259516
13.25454095743239,4.606260694288872,758.3311658223087
3.449257687140567,2.8881011374202634,-103.91725816884893
5.806084455437017,2.3792263896975725,97.34080906981202
0.5640072658005241,3.2091634499954487,177.6268045201408
5.428094948065237,4.268019634128476,469.11670303233973
11.308032242079108,3.8503461495305054,652.3759474658499
5.460060357195067,0.050432605427179755,202.86940599413242
8.386780906212849,4.3826349530994495,321.05962707151673
3.72506744648207,4.260579552088528,108.61369483914815
14.931733634975442,1.3136547342993636,768.9949205697221
13.365815507770403,0.24289857584115004,476.86422731040227
9.840671204447197,2.1872363143616784,351.9615939734672
2.7344148579638405,2.3198438327525643,107.42161169729212
12.263263500625811,3.0945355264646297,591.2547507845809
9.7256251450819,0.014642817621742799,270.71533863735215
1.1755757026215052,4.085963604149802,137.79734690828508
12.433814252555248,2.6236828057632255,604.4550304557921
9.186726522535942,0.331887403872545,314.80173592838355
0.2582868105365338,3.3957861595129204,135.73293948240928
4.197985063784724,2.9351368843219645,183.46133568635932
12.177512727754884,2.9614261597209044,421.2410932400019
6.822896448124846,2.1953317371133645,394.0116059771779
9.044874464120605,4.783570096071349,544.9650725745419
1.796917386621384,2.283699354361267,166.58525726251193
11.78907639457606,4.85930931059863,794.7602084426992
9.788288516029585,0.6634041440446453,317.357514065539
8.433789772925293,2.80156431809697,399.28208822539233
14.823231793145062,2.214612836526187,721.3320360406811
6.572284541725209,4.092720725505803,166.03680794173593
10.910509735572363,4.544595891072837,441.014479851415
13.565737877276302,0.2985875081170608,661.838202650209
11.383487754074567,1.4418722747506085,287.5971183610115
2.797874147908472,2.0582124686804515,75.98879437117459
2.033020615263376,2.553252746032836,167.52922837441372
11.756091654266362,3.810808287894447,528.4332320870814
4.57000566557751,3.7217773683050326,126.02173099895413
6.940966175412124,3.590347218169867,457.01406120682907
3.9996473600814517,3.6162923325344476,196.4658385656276
6.858278535962563,2.4592237995171584,454.65256816191743
13.914281466607909,3.744581321227079,788.7402986465789
14.098473666939068,2.6400709493431322,675.7731615621568
12.530347646343449,1.2595978988375256,499.1208387471602
2.409848661660589,2.8717731060940723,161.3160459243328
0.11581155611512406,0.4223866991196229,199.0300150945829
3.5954493316321887,1.2862718135338902,-85.53761677799082
10.801894795882179,1.255818803703694,602.0800651517907
10.848574345661266,4.842418973697314,491.4293157653433
14.786386582961018,0.7552737670476528,705.9777285624664
11.893731587305146,4.166985915182028,571.1160257847054
5.912744283491046,0.5783797439209554,180.1916072749945
2.901609927966458,1.4845261886849137,49.80952522504016
6.042616074468496,3.526478983456747,248.07446883735764
6.013989508561009,3.8721185054091087,175.44638768913222
4.816756219492669,3.3350947629461998,119.89680308750869
10.765884677001052,0.4981382135471002,352.97857347469926
3.981908371620597,1.4351536510422191,52.40463915767491
13.147766327229803,2.5303857318856733,607.8118526974287
6.105378693103902,4.3200491369145855,307.3202432219487
2.2880155460618026,1.0855620368399603,203.4174989898421
9.428202429291009,2.5980242219163623,468.3963875694637
9.460142202444597,4.473348226408074,393.6597022330933
13.414236764744649,0.7994136459459467,779.2738695888933
9.701579171619287,0.6556301406904591,289.06441478286536
7.624279919944186,1.0616977423052303,64.21486160798536
9.362409498091655,0.03906953491907117,432.7954360328268
1.7256081695078207,3.973059306870079,260.9605330485624
14.96976127512998,1.642994590285446,738.6617603688247
2.1192894449453545,1.060524658532147,204.61810741711295
10.4263887478808,0.49650412580905523,456.90001308681576
6.889854019003001,2.631731521895,210.4030348358954
12.264088261669714,1.7782024337254438,569.1845949722671
14.789372788129285,4.30422654062936,902.6270672995513
8.144887694407958,4.871524271226531,454.5155966118988
12.577488979731076,0.6643806547435965,390.0846315194108
5.731846912132404,3.514034648552376,148.60221180679883
2.4742458134161858,2.3254134793146273,-72.81410633886603
5.013075084467905,4.15211117418371,281.9312382433168
8.308627132132909,0.11666220314070219,198.7736583972682
5.082175992829944,4.724865656386768,319.7296943788839
0.3944093112475938,4.860483679012873,99.25642072543238
14.068573441044053,3.6989366445216216,702.5065976905414
6.955438494828986,2.150991189051425,119.24246113861878
8.520633761089975,4.883041326948712,341.66807428303287
0.8955213950135887,4.700078263128181,243.17465201725452
12.599733003630316,4.309143169668253,544.135044047849
9.50433719348527,0.3646169861098719,269.1601359590893
9.386850742663116,2.4030514294877197,476.3788659810964
7.018010782855303,4.249057959818215,198.4530958685722
10.338863923974959,4.413695212843257,604.37843356229
10.021257575205182,0.9401471071223744,296.3336764546385
14.09427711674245,2.0203410686278014,631.0703042860248
0.31686481482947726,1.5954997840728473,-119.02887723644933
3.953766701852437,4.086338638682366,269.7250719367687
11.120295345111433,0.9014568079490715,470.02503168920464
3.3864816630581354,4.940243747595107,164.25103976820625
5.396222373421059,0.6670377233065788,127.26299287036494
12.354479896917557,1.7010740054118663,544.2898118615875
12.654771458479408,0.3647765791732943,462.45756463241264
8.583290104695996,3.29241082305044,472.4010898061711
1.3561813222192147,0.6416502160873472,118.40142235298305
12.48451951995153,1.0752298756676715,390.9640576774021
2.229067543508086,1.983349628911809,101.28582618261451
4.984703974931211,2.9140115015756436,229.1783212386137
2.783532787319576,1.5799720003172064,94.41730118341266
3.370415643185555,3.71836893067825,207.1725980899805
7.093815557170874,4.824360865608405,392.63177114269774
4.0765969099828006,3.7314749486130756,300.1720060922683
0.4471798683131578,4.612736153388339,177.47438097558086
8.313899586377993,0.7449775296123179,372.5073776013285
13.299479372056284,1.4575511184770007,583.4989610287163
5.664818594037216,1.5331172354496803,207.1417230320843
6.3063435920610065,1.3761089099509238,181.39688198709578
1.7530402953931108,2.385025071684867,121.05465378420178
3.9248750436982536,1.3506528180252801,69.17010386841855
2.545493955078048,0.4940188761677017,14.540742277416452
9.210991947109857,1.100142638005834,305.9376542673182
11.862448945064529,2.4368837106232006,576.9405368812452
0.2375913723186568,0.1968303035621466,37.69900152646062
12.011644146853763,0.47953924202687404,397.70498210172644
6.275477532677105,0.7214083087101797,125.0145973273332
10.081715740732532,1.2997967731092408,273.8980885083548
9.073624692341664,3.0737991445794925,382.3179195436636
5.991567221681914,4.511721862189219,348.60212106966696
2.4379314000588455,2.3059414268798157,230.02072581831868
10.68644047746897,2.099374647731902,407.5615017028026
14.929142713335825,3.7374027109617955,951.1461988850033
1.1776314496150646,2.348210606095309,45.99116201687395
6.578717049945287,1.6032638495235747,96.55351788066807
9.280880592215825,0.7726352739543563,334.9445765492683
3.1282673053160184,4.261369021655017,225.43829227815803
11.944602499187438,4.102202055676687,420.9531875659443
13.39066648271419,2.0351780247115063,867.8543197778931
11.016498909907195,3.3572452423618375,569.2743970697289
11.416216327749126,4.516757230820564,697.9001338606722
14.764122001174874,0.7418183444151394,635.5306543856095
12.06514701605493,3.8988118020453606,582.1788845979037
2.1882289667123187,3.62952646391592,303.35928800002216
10.129528961752037,1.6929902041387868,367.269445755869
2.3374326209696923,2.6516502922695047,48.507355018245434
3.0698940586979253,0.9114009617334007,47.917968596385705
11.171173609493112,0.20899326405896756,399.20487354328236
14.21920474959263,1.5519752952871673,622.3464453151357
5.46576700779558,3.018507831790482,339.3606477792219
13.960553911042679,1.1503370970810907,808.0096796327057
6.804473643650464,4.041293125202559,305.8357014009384
7.431218643263786,2.0462743733890907,317.1777796462749
3.9585496501297026,2.7073528208056667,60.344560906137765
1.674338741530386,3.4518213347970015,182.28733434359626
7.376358996285409,3.9062515267545654,380.34207415558893
5.556322140328406,0.7691786357530755,129.46377172265102
9.307212393347942,3.738713509140024,525.5708816752731
5.3326610025445405,4.209440695568045,282.8043101224391
11.842244649367034,1.805629356514833,563.3056803219868
7.710937877404145,3.172766018293423,230.41714147106512
13.485362818719366,0.8181278241832968,463.19004590397003
5.0272785996413365,0.6768594722707261,82.97708416485601
8.174793065627625,2.6354255684584715,480.81961835804793
12.583181247882024,3.5575370744929447,518.5137765855019
9.363227231379295,4.819198910865218,433.42606233831214
9.838656724208704,0.11079139343957156,464.61346374598486
4.972831946031114,0.6197644035246214,244.634009471168
10.77346908649016,1.9927683464730244,517.5551221954701
7.892922319271109,0.27886232139340716,398.4590258628557
0.9170593806509686,3.858073266804775,140.6369749652057
1.9446776404240396,1.5600781173644462,174.24783063560096
7.164906065317907,1.3767968015385035,104.81387927755168
1.5849767620115451,2.0802273292042672,85.71832156256681
3.9126843419985167,4.8221665355102425,300.611970397193
13.636112928056185,0.40782732578477254,772.5526050790493
13.506078857441207,3.618327864047238,877.6329362011128
5.855131663097705,0.31451310128150056,210.48477541176828
10.020716277431077,0.06412272063038515,290.55177119082526
3.7002093698125496,0.4572912038668453,272.32794374514594
5.395907708316809,1.6651832340555424,111.50001469525648
6.228178212512144,3.9965900086539112,222.19284621822771
4.519077655339795,4.22125747658195,284.98535854259234
2.3801107644976365,2.3486928851821656,272.5955583973797
2.1018322838996806,1.784622788276271,133.792614598971
6.802187920893582,3.517815792456119,260.08768069391124
6.39794194370288,3.484695774506232,164.91346007761564
4.18380784223234,4.836800892658258,380.8031868443326
5.9431395144793395,1.422186168273201,122.00678671973098
9.105072611081757,0.7085141634654124,401.4065082080781
13.066958069480247,1.354573947744096,540.6560536701405
5.244111353315857,2.215154013372342,266.27722575441635
14.016431099000393,3.781245232976491,810.7837584445366
9.58394351297426,0.5901773699345525,378.80386453469015
8.751149872876734,0.5792212736480051,511.7623515811202
5.009547919642775,2.8595196767314457,159.8659785892049
3.1555366179514435,1.7246325089045922,90.0150257270765
4.424019366837324,4.227840246072655,106.65096762832971
5.0104644623798364,1.4893848783098107,225.44196076075661
3.735114098263671,3.7334508221032365,158.64780682715326
0.5043910592258294,4.65042651992886,279.9222102595064
3.3432953571028015,3.516772457963506,286.42619303699075
0.6886082375251568,0.2566530867101735,97.58582955099567
6.188971133416942,1.2744392798634512,112.28738320296901
2.397914474629588,0.867477030975421,256.439934650611
3.220525578754171,2.517334117197041,60.592776871479124
5.860860625392611,4.756449612189529,295.60087399360333
11.348976775301399,0.9841598696167825,332.2389266192432
10.710096643284107,1.352691093813898,296.10736628112545
14.909755674016804,3.652611223617046,849.4461297139876
1.5670948051167177,2.226331151397942,58.38483771378741
6.81179775328315,1.0962900835004392,101.96808460591537
1.3044809247100702,0.16376032453593314,8.162797602149823
7.538146591213797,2.439781382679868,302.66563489639077
8.848379921784321,3.900507601769114,345.43441709949775
9.41705042289608,0.0926247059627644,190.65505616635738
6.066550195415811,0.6831404146415343,159.38900709204364
11.058569630210089,2.749907569946358,560.097745277948
11.776226263645876,3.202350048237104,499.50528507517924
13.529448338339936,3.964982783392557,807.219928927115
5.658462059740685,3.2886207204246336,343.7884176757368
12.619183065123341,0.23997958830659805,349.6751948718785
4.180808690304049,4.689461466999594,276.21247398388334
3.63934236101917,4.218799430993853,209.51836003578603
8.298854078434873,0.5242242389805596,204.9976070059804
12.03159547650462,2.24115768396803,572.2713823154081
13.29537962354403,1.8127899618393077,718.3649043772556
6.862205936417814,1.0546344879969127,176.84765676858208
11.786056635952992,0.8200980100100702,515.8829678065604
2.3191508631247637,0.7827056396318532,124.5453922633743
12.143993350064315,4.041059060850663,526.6239742675461
14.321688083991571,0.845886603732855,725.4850679680974
13.05048624328549,4.176890061739279,657.5960520872966
2.2678267130505887,1.4394784791024962,39.16778212793248
13.050788380087154,4.803807977932288,992.9581724831949
5.5513618467664845,4.492574609787282,178.91266795397712
9.484927106773686,3.2517737355679053,387.308377358049
6.633074807061634,3.416583827758355,223.30180192135467
14.250683369829591,4.0373325333345775,764.8059810531381
7.702200328033781,4.612012272616932,393.2863842325771
11.189244660740927,1.4482202930432309,418.36011585686606
2.2609274971682574,1.4648822411911355,47.86374778197775
3.7274239188661396,3.6624701236441566,106.4681184862003
12.81770217913996,1.5968780498656532,535.9898014318607
4.852958504425569,2.2557965551527834,104.25902480906615
2.4975920284523934,3.230254897384789,-6.241552086194325
13.084255494029364,3.7265520923961937,572.3241497862164
3.196644088679875,0.9531699825046558,51.275647378579656
6.520275649169369,1.6952695414787322,168.11544460552864
12.94767810779447,1.5081039637227,511.21848608702396
0.07081814972875744,3.8366737820519736,215.9552510530576
1.170407993985156,0.355491931235718,94.22370425346685
1.718600426121143,4.487796441521217,240.51713557280178
11.868067835227675,4.067501335641305,676.7015029170594
13.842699477166338,2.3302638750047104,421.50085404924675
5.04610079271284,2.831881324903429,404.5456318790382
5.282973147285016,0.26161629980671786,157.923090580366
1.098192953629062,2.571013466361682,216.1007457384215
3.742864299512354,1.7313095174743764,210.5542058733231
8.781878026526513,0.3112382327840285,263.5556771521959
5.688476522876055,3.1642111661332146,232.3954678010203
0.17282740292552,1.2210184488264542,-44.303757967125165
7.012826343519811,2.2454678859652484,282.9394322888909
10.065340257156814,4.245452088495269,481.1888993127777
1.155850755667009,0.73534039806671,-46.30724905585076
9.62155899869841,4.085327444195323,442.34022752707233
14.071479874025785,1.1896149469221,654.070311353924
1.2884688364779917,0.40743250480590854,-63.61315150266677
1.795972793229101,4.296822090716822,215.98987606435804
6.6477640976968715,3.2785652475841323,319.19218299982754
13.146290778657008,0.8074010558075984,499.2212381746183
2.4482854249261177,0.45427774879906013,135.7055255841648
9.1715134990943,2.080641941231191,545.6129264100075
13.418712013176368,2.4989599030646175,779.4588192698232
7.808702979347577,4.977427841186929,464.3776041906596
6.613761858747468,3.965021300710521,346.1329856404939
13.392021609233076,3.4004880268933846,737.602042381004
12.043680752415328,4.607755797881582,685.4159876792572
9.989969842306229,1.7909088779845317,435.7332690694809
0.2528743537395528,0.2864643831196839,-79.06621575600141
5.583209009534228,2.043221248453811,-12.012915437533024
4.916070563623149,2.7483172600479966,311.13464892138467
12.297234432128649,3.7985930778542483,595.6744354300982
12.609087343632424,3.3917848278533236,667.4170807658462
11.359900062390711,2.56253258114807,506.46095323359265
7.4744705827694276,3.349941482315881,405.96213826046824
2.0286494057612607,1.6170502413293657,96.68571522746323
6.995429266001298,1.095274737787616,158.07486632388694
0.8774363077947983,0.8829380941132597,26.319347000327312
0.7711471714573759,3.1279493718929308,306.58977808272823
11.615569192868891,3.1605567358463866,492.49046250750814
10.588026317931233,3.9400795370407375,659.2882983207853
1.5175139196449345,1.0706653526806686,-56.14836540140011
5.614946246864797,3.119715349251984,232.12547495414674
9.770943223218973,1.388436159612731,251.25397704793562
2.0043582021940787,0.31119444479136504,32.6834368246991
12.01964585488934,3.868916502963523,558.3239258056664
5.6322694587551005,3.899003437623589,417.3275121804912
12.515145642404335,1.2426859187355328,483.23175753809596
5.988797633912386,4.702319167843292,254.18808086762328
4.1243412675274875,1.5017030755174565,-14.679611682494759
3.6620375279198445,3.6109503684753887,388.21349826120166
14.60828078966003,1.1122007369138875,633.3612891072438
2.115128839331602,3.6632459113275226,341.2446502291979
6.888485105336062,4.337580036656106,223.70185229049292
11.368445557702461,4.63611147359096,569.2331337825908
3.780514080895964,4.087416871428783,180.7448639182884
4.041928740831056,0.6387340301641797,53.36331716539287
10.462414612435254,2.413679319265106,412.2102917815313
7.660716624914688,1.8854981812462386,221.34779315636987
13.3637333782327,4.308879817365305,803.3372338056272
0.7870642280973938,4.413515809905361,173.9525906579707
0.15932351346651163,3.5486531991621146,322.5161073035922
14.410326889064764,0.7608460432064845,647.1895231684578
13.391656888827896,0.0807548763957483,490.8258223787755
14.33654427508208,0.728386830968874,716.6030571118305
6.96909823101576,2.0041355041770887,13.274510312045635
10.209739718143524,0.3105278261871819,326.233005013979
1.9297014880452208,4.239269297104255,89.30557519251818
3.5306339090867302,4.595026923005908,334.5616928811188
8.790509402959296,0.443886466868863,127.44830881555282
11.546751207996692,2.770470386464547,508.30380022091435
7.310434371990263,3.57910643155933,321.5420638556071
8.628321408373594,2.117286664321452,352.7795926140192
12.201544517188601,2.5667715752125164,521.8354989831478
10.898975673555922,1.181323883552472,418.64754132732753
12.992747132747542,0.6999312595151719,479.03239616677524
10.009465306717326,1.221176641779551,291.62943150495
1.821341026524832,1.645163557174552,-85.19471355028504
12.31473714629976,2.798257619667779,513.3120524819504
3.662217499056115,4.5959501983810185,88.71387124423748
12.534981287812176,3.283009601371374,617.039770743012
7.019488226990581,2.0407844959571353,194.2500978526444
8.526876363646238,3.1495931003699704,392.5235693307037
10.427297787033305,0.37353545234517505,368.37800135596854
7.269846083556221,3.112467262460223,291.72558082351543
14.999639563968497,1.4159519798112807,691.7463744210368
0.627563357330741,4.64346192450636,312.1997500458282
14.426078619593765,3.698330804241454,803.2247068993877
1.715327953029454,2.6015747677439958,27.659653443332644
14.275487581640954,0.6843243846070329,615.7524266737041
13.171675765004986,3.260104046726803,717.2218355452571
5.663765895558189,2.800234882744351,227.87354995959544
1.9588166793740398,0.5571210279320554,41.08666271756477
2.2370556918126665,0.9248222520545157,130.92640716850008
9.473131393295457,0.811280462302923,325.5697872725337
4.844125895913054,1.776591174032192,244.16836306952854
6.8005652120214215,2.308499618168478,292.35044171003364
5.413290381594776,3.788843487505567,253.71871783361487
7.915687962319879,4.439046717887807,313.46068849071713
14.126550107513076,4.843662105717471,586.9858258288989
9.85442294220711,2.33741980788622,472.5509331959442
5.018045022786418,1.2393480921974642,-113.1407492833143
0.22829996373570027,4.8966776946305695,205.71492246549673
6.175893244169906,0.0877318188624221,187.54591129667665
4.0622531540399045,4.378713889032264,187.35300182120952
14.518468305596482,2.3349922986102207,622.3999585663885
0.7819787858483834,4.261298416027662,210.23717316266107
9.104513679100284,2.530720986731607,492.4906630258606
1.5067440785698412,2.3139176558882197,63.49924663851934
14.327612062784219,3.835716565078529,776.3351826418645
7.726163947812131,3.087207329585252,213.8112752915997
12.784273040974751,1.4549512072791688,670.483523064774
12.301072636354402,0.9718198181861282,567.3065422537716
2.623603723081115,4.615254459580388,102.95427892130137
3.293595854885704,2.1976653690300374,106.96130531165267
14.80815625619685,4.873212129283378,740.0939390750237
11.403228590062561,1.3763593807640255,448.30099837238345
1.193062148648521,2.897088350867012,28.44018163307073
9.261886060849783,4.652866596365123,436.4842117928539
11.341244838843972,2.6180652934680966,518.7925674535596
11.260809609189046,1.561381220091154,446.76705010385035
2.271288057990497,2.1317981162046173,19.942231690119854
8.098433024613326,4.917938416584688,431.7829519154325
5.097718621052929,0.5095973020064687,81.15582621768846
6.637739824553479,0.007206840900764178,38.174589627122685
10.863658259376995,4.562961386879097,557.3594174593808
4.736363760906016,2.7834874886091105,216.1887535528349
6.592434092309843,3.665281492985409,215.99175616876886
4.882413127741833,0.7427211114484983,241.78837817667633
4.574994614956927,1.6492132182748542,129.4523665143294
7.902536130870136,4.286478653130757,207.14180230755252
10.593861538637995,1.2804285097764845,483.81391011595474
13.481965480064337,1.8291497380617612,696.5208601230283
4.207166815157807,3.512188068892217,20.12715819514787
11.078580795937082,3.3985402927998147,361.07297007124845
3.4660756038331733,2.107905289204898,116.06813867653617
14.213473146437785,2.154136604037742,694.606264979545
3.4359529384815404,2.817144717132199,17.691143764301515
1.647639424540523,0.33882976831525746,114.46658847183296
5.483585999868264,3.872280542426387,254.81501367681273
8.129884281615555,0.9777100519062021,290.4348392008021
9.668230798173362,1.7358563559155678,315.56570642575946
14.38505488567451,3.104795539307838,643.0662694880624
6.093743701023257,2.9538550988427055,257.9468190061657
7.963778733577531,1.0671188071614113,199.37287849154657
4.831713283600578,2.0952926072422464,242.90161008291784
0.7384870493609291,0.220345201233762,-24.4818063581788
13.507013987511126,1.8790180580193745,598.7038898728573
3.846920513538442,3.9949940343543897,308.22087889516615
14.208207399720589,4.566398431016207,774.4308110668301
8.079229304296176,1.0108157284916546,266.8505176586633
6.770488528421364,1.1596941837877646,137.08163778082718
13.255917644127727,0.2858908833078033,540.6649281476398
6.472635622886557,0.4196166538928986,94.1169732533003
10.52194382366007,1.016685243261752,357.7551852548303
10.692083031432405,3.911361365929706,557.4610296619192
12.356213387100228,0.7431650125166672,739.4716978681608
8.749624935939815,2.092307188632055,283.8611680534488
1.20430901746343,0.9549071851727386,8.70744176946867
13.797433595495043,1.4944160356765561,660.1895972077967
9.580314963508496,2.8127364391549974,548.0783675030971
13.558638243987488,2.9629239972924286,675.1652458352187
6.437097046637748,0.9088005939793786,175.36035164640577
13.592850690662702,1.7312264964491841,509.883129730381
6.1767714235759215,4.1505232638975595,309.71447239790007
12.223269506915367,2.834645273302001,476.1183511669234
8.340855477674939,1.870267410458954,317.065877906713
14.941186388114092,1.9981697453563985,742.602327285694
10.286331802066396,3.3703596202667856,410.64078984289756
10.463650201488923,3.3621099588624093,522.1383314882461
14.162906298827377,1.5037362364952993,709.1227448126608
7.478522983197077,1.2992904279458046,219.59631772232575
9.776986086824142,2.524557133729219,416.3426097648103
4.560462370749657,2.50361506776849,313.95684198736774
1.1230884421136205,4.1271762468372275,109.2027263242577
6.101206989326621,0.9661041836054102,169.48717138104246
7.936255211535849,4.679435658805943,296.70873019629175
0.6989402208160417,1.509683757928465,26.432274676059027
14.262088332129391,4.731482803202585,786.4084270016153
8.170920862722276,4.2774535562432385,523.5687827494229
14.682331095306314,3.6929073721948487,917.2426805370496
2.2030535338649164,0.9582511570422242,59.741113179714475
1.5637710067099708,3.4113572015909095,292.59645960947586
10.07012881819212,4.900591393674464,609.8859838171343
2.2250517261042995,4.184661301192371,135.6179570321913
11.571163398747982,1.5831975331140569,503.25185778888397
1.949965978837771,4.915620342835741,132.99331773335405
3.087721860141878,2.3743501448612756,5.554003879470834
2.604729313941327,0.7140702174725755,130.99634793564016
2.2847096936423967,0.8882192356274071,47.884060708490665
13.612888899213889,4.56776051371178,642.7151801614766
12.152129623423866,0.8691137333832716,382.70771566803
11.606544148764357,4.137690055876059,588.4656108462663
3.6851387436056395,3.7917875485408645,148.82366109065867
12.176968046754817,0.42768925580992656,557.9823510866754
10.189340571955682,3.408100089222819,434.6855677986894
11.25531079562138,3.5661698192574622,325.60082826803045
8.641231752835937,4.6204339536378685,542.7589362649995
6.16093132989791,2.385988197839222,194.67398248830096
8.578671208366458,3.916724981963079,438.695479040421
5.586026952820506,4.04927963101286,189.5590698871166
9.42573265760833,4.717693961577005,408.0645705325498
6.775274776225382,1.4305684493361415,302.1719280938621
5.526002417100765,0.39300821412563247,196.63897536369464
14.802420526945237,3.600372673629792,712.2762289791557
14.043871743017284,1.7674361787527515,711.1032684204383
5.657964714202572,3.3708244193077705,290.1979598732964
13.809884796232387,0.8873710443245053,669.5706742436128
6.100426833416732,3.625214906421681,299.16725507382046
1.7998833673236465,1.1739544231755417,8.105541678331313
8.222969238110124,0.9836770115403615,280.09046345167604
13.955018216518829,3.904239363540576,866.4418975606784
3.9708846460455924,4.678927939332802,252.07119154524594
7.035633202890653,0.05075768155918703,116.37353482995154
2.8046033157342203,2.694060002213991,93.99129465286566
12.741708494181633,2.9902184742090676,737.132511668756
2.8526977669335887,0.7232951610714905,25.54918891495442
9.904621867338545,1.5622433555542186,336.594596375483
6.031743027955108,4.004920053521179,272.533839727549
13.780010378749733,0.6591647065826312,527.3083416271966
6.104622586454702,3.494236241095072,243.24997989798146
9.267694526784084,1.8294370361445078,270.410117167517
12.211713102339367,0.9492233248759713,613.8359277935006
1.8048092829916085,1.0066837419370878,115.03220069394665
11.724325624304566,2.5341346785702594,471.0318123479018
3.2954196847992967,2.3537784589194,79.44176134857295
9.47438469334364,4.487071551492665,500.87229605411073
0.49972509836650303,1.9017118173899727,85.84619124281822
9.265269098271524,0.8779169496720746,291.0606323169244
10.277332743673057,0.0742440656746729,302.8430147218096
12.731711512306601,3.766472561085445,608.0657587183001
10.77093537976053,1.9372534777625894,325.8401817875423
11.27556538315945,0.05210690200203649,538.5016043412096
12.744235852863323,4.812510756436251,724.5026878172328
5.396642728609379,0.4098384515144443,86.81006815341064
0.8555688082518387,4.274899733653213,241.3743304788972
11.586851619357901,3.4491800206729706,618.6484822932252
6.026110519889581,4.397488471278956,356.2685214756881
13.544505267201522,2.493727952028637,666.7018412041141
7.513539956118342,2.7210672614511293,216.07074384148672
3.853595939876678,3.1387951954213182,313.4724800165244
6.726891676063744,0.7355654289417995,154.32081779496744
14.772527480888135,1.2795469389596759,669.6006823385534
6.977439453368046,4.260738672450234,335.68542103301604
6.175931227806534,3.3574035710751726,304.57431504067875
12.419056225997746,1.0492743449578472,462.46607311435906
3.096056325109985,4.306024206932687,267.2702170415355
10.105457149517731,1.9127087388554815,294.2484439705021
0.7631377119095734,3.241354709107183,166.31957119866104
10.903452944444503,0.40700056271249563,353.9066203824095
12.05393482353277,4.503767674902734,732.3872581040193
13.402347370602707,1.952285792173551,647.2164795922522
2.5435244133501196,4.621925193623369,275.2247163110535
14.903206883244692,1.2743324975981078,845.9293072988465
1.7010039887654804,1.1379696444199534,-15.39633710270003
3.916142783522271,3.0110943537642196,299.0855436039352
10.241250558842832,2.8039000575799733,335.0795648461062
10.843179114502194,3.6109206847775868,598.0386869168589
8.148604678941286,3.961574473918852,419.18625431226525
5.857602439067554,0.7144757225237669,174.24414783797133
8.375853050572182,0.16470533041270552,159.90751357125083
8.383941640458644,4.149022265137134,361.63049239551145
5.094935923606068,3.538709792181123,361.0947536575003
2.3253513039718765,1.7482959119412733,-17.533832911622035
13.366225776864034,4.382230353772365,678.8777115458374
6.851748085272596,0.3357178793339616,166.32908855735934
1.2045978201955525,4.283660263708036,227.56937100507628
7.649590176708882,3.398979776688413,468.63385975419794
3.4346976416909945,3.9936020251785393,158.65334695032453
8.613533388285017,3.135020780224818,279.8937913674375
12.552499604890716,1.2999314437745413,461.62668342033135
1.8688624521214403,4.372469033268306,325.206784545261
2.854922960535118,0.2867785754191926,-18.31881239819397
9.278549833039468,3.541473242608348,382.0949107591655
3.25328959542274,2.7765491747056807,100.35371415887836
6.741757435691175,4.0185450800777645,138.20791588407823
1.8435312357624882,1.7430371714911785,33.51170851717018
12.337103592255437,0.1689734801488041,284.93086909645115
5.015747439437254,0.2022631231940647,42.21893923503899
0.7599896047384413,0.9012847142892144,-75.48469088931515
2.2629901986126155,2.8290063721132555,16.620991463506364
3.6235306448113325,0.4321832963320188,17.344269836199977
1.1870326463043357,1.9070606895143722,87.20030320553059
6.150201319079434,2.1351107524072646,296.81376335200656
11.976463620764173,0.969047552336269,508.3641440826369
14.822172202808243,0.44654899236911294,604.5434817132411
5.444751784248404,2.670202625157728,114.67365620694244
10.350404762876895,1.4579127211596328,347.22702992065905
2.836111068502616,4.772693297098561,262.3728024838918
1.2051987330087282,2.8482370037010183,159.788025111325
14.16246631644721,1.1474308644873576,583.7255969150694
4.012440002852438,1.4927236111732856,-104.68933474813764
12.50827938519244,2.924884179052846,663.7894646496244
5.637970409655779,4.739249542651341,370.3642798593402
1.8844175027253307,4.505385144285785,113.85057999256958
2.3573206944757685,4.204799363309174,198.81970927624678
6.399695783328036,0.3503442321412714,161.49102401671604
8.440058149980086,4.116810031361254,419.1190225276654
10.598872436109922,1.0493668163201448,359.7307086692614
11.916732105212414,0.6590387987270363,536.7096281619712
10.17811947867067,1.7922042441896475,607.0057232450124
10.346933822254925,1.0827054923695967,313.58729332853596
7.890544651142603,0.6277018767867681,360.4220053157602
11.379465792101536,3.02416069654369,646.9731673281896
11.260715590745603,0.9137583397545018,517.709792304254
1.002865944434936,3.497849495036776,173.23996432340232
4.882484029403887,1.487889636687059,155.18403156111157
8.037859398576662,4.088341534842548,438.78988532438547
9.246393135901933,4.975969901954399,547.173807697832
12.774825507942571,3.8447252193527506,763.1000711980288
10.51711156747676,1.0841003537277316,300.85862737849584
3.686394766018808,3.1230774753640467,184.3263157177835
11.528553300190996,3.185276278378388,668.8419277423365
0.373587243498516,0.7817958041351986,-100.58332781560742
11.082760056302726,4.670881831476679,627.6837401863178
9.723949961057079,4.19695959360232,466.6408015261186
9.670901194465772,1.155774137842967,398.49519388534037
6.2781548505089715,2.9261670634369707,90.83942802009832
7.832878007133796,0.8033271755051635,346.3693124858755
4.374052245570464,0.007510550322158416,-12.059091034874921
14.067531147505658,3.0362810070179638,718.0433718123156
13.297477668935535,1.7113112616104469,660.569663493189
5.717410456577743,4.786818805900172,346.8743411465363
4.2984405043523,1.480453814613751,-65.11686286717509
14.371388914666671,2.4642829095392624,762.3022287245905
3.582464833795688,3.6576937021549405,96.27168488796536
14.957312618593956,2.2192863783840884,706.0918772665374
9.823527068303072,0.840671125959066,284.8109120093669
1.3082492049772516,3.6258511884944356,7.864178375819435
1.5814290878648618,1.974895335255339,203.28286766295355
14.715399095947902,3.576077785144396,736.9521322946889
1.7744002544256592,0.4923560544782679,-17.5480361078958
5.712122577644578,3.553752422410022,308.1798424249124
6.715599940004248,0.7613856451686374,245.61713370309087
11.064655530450894,4.6308747896445865,635.2214155725557
3.363136173893849,3.2734545818221203,201.2763104692736
8.512705216724264,1.6168539182879833,192.6843474681727
8.05222950208512,0.9455251557017497,161.7994573988516
13.076490534109567,2.8226179978858843,483.9167036128337
11.612859342350406,3.4665904456784813,513.717614870229
