XB1,XB2,yB
2.5989337779301653,0.8757350626715605,-2.8074132067515674
3.3999658982358207,3.65116546459008,2.660340031805295
2.793001447497355,0.08759666501970909,4.159465031260022
2.1471676685021324,1.1879058512349672,-0.15551321819093591
7.870913814216965,0.5946077074839851,7.450414695866423
0.7899574023649398,0.1248822469505444,-2.9644901317348937
2.957150678255723,1.9737246120416123,2.2030568118048612
2.1438142148847037,0.27227166417215676,4.739184390867016
2.7238299827751735,1.2958454992783364,6.567448815521235
7.977456207931367,1.0561800308446143,7.610122253002757
6.948568033624602,1.865872459473687,2.8617410394451976
4.70058779921062,1.3058438104058694,4.82594529570575
1.0173590271260187,1.7046423338981818,0.12483578641206493
7.195337292110431,0.323013441584207,0.869554717203421
7.396364043089194,0.7587217726758348,10.114170576527236
6.75801846961396,0.32252877423364534,4.683464774455662
6.337629099912019,3.860814580915708,11.11466845055324
2.7855054808270943,1.7588308379830284,2.1399936101450323
7.301984846840879,1.3658732861045215,7.441898479007833
0.06649855383000158,2.0365337183371706,1.1127698034122453
3.5550779439312885,1.7547935934598513,0.24250840604967294
6.890948614311508,2.141065694378362,8.174750172415704
3.291747259147564,3.7302686447737576,3.3573403520073386
2.089854352035805,2.765225516007757,1.3824331985961256
6.526147707959784,0.17900160660249265,7.339069490545386
7.546355103421974,0.03673343463394518,2.09330641730298
0.2505334915838562,2.4984171302610756,0.027694953365594445
5.608094379854289,1.5373835202210335,8.073315146784454
5.608730130168784,2.8313978324616604,5.675437302231218
6.7504925573596175,2.222403928890596,6.8707023727646295
3.389576734100217,0.670595187586565,-1.868833765337903
0.07564936729092242,3.511861921180957,-5.734790365584816
6.249422556878065,1.4699164245889094,5.399359772852994
4.272812639211137,0.2867502789442513,0.45653909265408255
2.757343124775038,1.9298880511717305,-2.0421361362529407
7.465527198387067,2.61280740293491,8.6090619579165
2.3067530065865034,1.7411420679725218,1.9294535549830774
7.874553808407268,3.2647266334316525,11.668070570839497
0.38912078832104857,0.7295670081255778,-0.804009172926143
7.0234034744525475,0.21058547815361672,6.1899249244232095
6.129140702002026,3.7918932942893235,5.626975871124832
4.821820391546416,2.562664409110792,16.8493082394511
3.046525818846935,2.742794368624459,4.967007613514753
5.034642077332282,0.42365915340899507,4.6268968289599
3.1268673093022974,3.4134943631370604,5.89733785053031
3.940503429327224,0.476911826860142,-2.6688319287020277
0.6875051030126205,2.3201922025558788,2.079917396126326
6.8852254810055715,2.7987700279921475,11.696505519515952
5.149134481474425,2.738729637553178,9.11021358310701
4.1526279498630085,2.650200453127574,3.2983957979967844
1.6101258967148508,2.8824011590236296,2.753984473564679
6.966710482635809,1.430515927820755,9.059030601254458
2.7132348971465134,2.683959278384102,5.666254933832373
5.277745773982304,3.908393828595602,8.593685299859521
2.373747366357545,0.9438424776490133,3.6030528798204546
7.989744558258185,3.4998546064156173,19.611410719917757
0.6791325388778064,2.3483059077974886,0.20282861548355324
5.3378380792678115,2.3814817276590596,5.434490803161606
6.121667649045362,2.5238287264593118,9.871502900012288
3.2678822900296236,0.7913616952053508,3.6054184218923133
1.2410932838474569,2.038960456827623,-1.100057348146342
6.975326912471381,2.4255762068379436,13.665645713548514
4.79257716968156,1.2023699713166662,2.9247198999765787
5.920872184154385,2.5599664656607333,6.717521798417373
3.984583732914566,2.567151887325297,4.8176188710830266
1.9516533490479935,1.7644373469207366,-2.808022515913395
1.698823394392921,3.9867333411523735,-3.173314206185552
6.709318638378367,0.7606831474207576,2.2980861452494445
2.802147870237623,2.583073145003027,6.237651565444918
2.7480977526083716,0.5920930359790662,5.2909306421220625
6.109656840601575,0.5336665180074993,4.557867094136625
0.4172952968711021,3.2504371907214282,4.127631621239241
6.380030104197593,0.7306186739131344,5.353292958488959
2.813182761437101,1.919226923023594,5.264301707416315
7.020354711614419,0.009243746638263772,2.5880978860985437
1.4542246015086775,2.041626413809378,0.9029150151131514
2.5780594357158773,2.77178999416677,2.7581774992540162
7.958758541217278,2.0352742825749988,7.384656626729572
3.066470463324791,0.36062275112386466,-0.3613496979813864
5.685805916911282,1.352733589134885,6.123495426334536
6.969037087054981,2.7951103918872016,7.199622208236983
2.400171204805593,2.4861774911801824,0.6064971724587448
7.979447489841511,0.005059962500546078,6.964689231817163
4.813070630029261,3.81367732379992,2.8411002500488625
7.215643811357063,3.863409553864365,15.315305534538394
7.618581256207852,0.33962990695437334,9.188680770427874
7.381859350432323,2.1775102894278753,11.592336100070563
0.0044086523799986566,1.0332904626071118,1.1174986374825213
6.64954120979503,0.6010723887055294,5.04391424040761
5.906215638501759,1.8362425013645982,5.062180202969856
5.917332276877786,1.9252968472828274,6.3473768194102
7.118205649869155,3.7843095985101303,9.486282914366496
7.162549028656931,2.756418309876523,6.869864679776026
5.840717651762149,1.0198738229507653,7.767013399983961
0.30241547784089917,2.772906457451373,4.803187038913272
3.89246103504873,2.2939079361660255,4.104358814951546
6.382905848788316,1.0555598441679601,3.154378865883393
3.103923133345737,3.885813458097571,5.097483794138885
4.76865088693943,2.4060893070843905,10.957553738111839
1.0314097243529554,1.728397449471164,-1.925592251490209
1.5894186722436308,3.3943021984917676,2.7904228850174375
4.383418661963978,3.1294761785376197,9.851729247019719
3.8970344783909754,3.1762469464933796,6.9692707355794346
2.518704352881806,1.9128259931390432,2.187254580609679
0.6980223987798526,2.608232604103014,1.6414159602721652
0.9062385996614104,1.6220628268114483,1.669330129231481
2.490860066087727,0.8257838305448484,4.443055215828308
3.7681983568188064,2.6115919184792467,3.8208676643806427
1.8763381935266121,3.544458927708454,2.9376157028171894
6.388704316073879,2.822277174038525,7.4984254635757015
0.73790207760256,3.025278884001459,-0.8918369552410219
0.31331325031545276,1.4762373585433974,-0.1701885205784419
4.836335923977176,2.663901768619482,10.177216607672955
3.057912233285461,0.1665903960855868,2.3010525541736713
2.7260136740631795,0.6668696682247734,2.895480703578876
6.8150930962309495,2.7025583043003234,14.608862433182331
3.0984037634713806,3.789664141986906,1.3062183614632201
0.0028689688068652686,3.785617619612191,0.4750976726030417
7.772038591735258,0.8990848424096893,8.100974679379084
4.396824865602259,2.387198771382207,0.9455356454252112
3.0751273388043083,0.6206571278179909,-0.9923685855126714
3.63144382656595,2.896951259174818,3.56765019922767
2.22369996578798,2.8732728687106306,7.1385507770617345
7.151418734893138,0.5124617988694173,1.2523192612080927
5.78290517779184,2.891853639487704,6.57049851251232
2.1230519092769704,1.9249202506381389,-1.211449029852895
7.0920050298519595,1.2998264348966462,1.5714660260687858
6.483525787834848,3.3021568357340456,13.634416880286222
1.3607897066655443,2.0663273717524278,-2.4551495813835724
4.833433028607698,0.9599091302506961,0.32883711472904126
2.8183656394799037,2.6580891341960178,4.953288244894527
7.5614929439235485,0.4333383922984315,8.503828340384608
0.2686335552871393,0.11208012313661397,2.503084011274982
6.372799743752525,2.9740247034956258,6.249106912484658
0.13521138829968748,2.09453978586082,0.6550851312654902
0.4536867732682941,3.3218928055451604,0.9521709901415992
6.54730251423364,2.712816419018131,5.6811027817783035
7.962807791457051,2.348090212223593,8.467559630316154
2.8232371997605243,0.9768393640213588,2.8715132807147064
3.453279824018118,2.3858666990381807,1.2455156946127746
1.57599185951588,1.920798309740404,2.8483803205491998
7.295654389002263,1.6135552545826202,4.367930703367488
6.45504534987287,1.2738071411448821,8.322943893021444
0.5865657313582746,1.5554725225958954,1.593740526928626
4.353937157940268,3.116622980202862,5.323053279448553
6.028163312034854,1.8475832304294673,8.190755599049018
7.874431822410315,2.387672705427036,10.588180735228296
5.338405568333542,3.0692031261332415,8.922980781262547
1.3881143358177512,2.394698057492503,3.949707201085083
6.717667098560148,3.799670737089295,12.92067491581714
4.4252583079501004,2.5477337952733334,2.8933363211022223
7.45115684627416,3.3233472049879604,13.682062383957168
0.45140384600514505,0.2256366537452097,5.6057349553704166
7.700358343732408,1.449683545351439,11.572334912238572
3.8079503153004284,1.112603839739955,-0.35619554444987395
4.125866393846818,0.22108980142308843,0.5732316904254516
3.0546102065123453,0.7973093939267906,-3.594856723408137
0.7552936829162258,0.2624123377458427,1.6121797357473815
0.7968768292508033,1.0410017817316968,0.6262798721263434
5.686820401586637,2.322044550741093,5.785438512638821
4.116633315762543,2.041247574182742,5.292109525167849
7.451282558570371,0.6568840461683254,8.759688871581867
4.301082737579639,1.5264868327656624,2.773699812435041
7.901196703903494,0.44250191581223897,5.228981404987794
1.2576237295577792,1.5286955351755545,5.0385207735137385
6.799246957017154,1.1837522287882845,7.17696563945649
6.292475488245371,2.3972569490004965,6.439808566741083
6.57750817044542,1.4691032750695818,5.627302886432961
5.823174198273303,0.8154665571922006,3.522367557319372
7.925804456749931,2.035595010712853,10.656970749038283
7.078952797668185,2.8062034256881434,12.14495133857059
6.400345731113075,3.540007835486334,9.78174555459059
1.9657468253495276,2.6477570166209725,-6.06082085235654
1.8456402503479064,3.0143835012643403,-1.169930917723572
6.3165589023146715,1.535068659806547,8.503605045485191
6.579543924698908,1.3334594245594023,9.224675932236995
0.9531659670359502,2.732168809580348,7.398380127851889
1.6053324907124695,3.27749612976294,-0.13390779669715158
5.173160997591102,1.6949050088161983,1.0757626990023048
3.6044778650436884,0.11397307195180417,-3.855512998856163
4.589854891553812,0.10532044574760446,2.4107687029996945
0.6426875802519092,2.3266440100062065,-4.323745940629694
4.295458866354284,0.5906595979447391,4.980515768025997
2.26801734859232,3.0144227450123338,2.7738426718757223
6.380304707558008,1.6003483795571936,8.824982925963848
2.4868925496819063,1.564221151391938,0.022295445236830604
1.7249133672929302,0.4350841369418794,1.6153573242049246
7.813916910667709,0.8953911043183247,10.823259193220547
6.5671387937498835,2.9744025647679915,8.899363018264781
5.5671575118195875,1.5263540453446498,4.852496470203163
3.3649698999476687,1.7133146191950623,9.888654200861527
2.9414338361334496,2.7372598481254515,3.849646641885847
2.857197834948809,3.1459928069532905,5.2757805362109025
0.5540298776509207,3.178982141310024,-2.6957498397683413
2.654902172879196,3.5503466778781254,4.045755273243951
0.2870026716821439,1.7385241779799334,2.2345694797427913
1.1284189727659877,3.984391842427825,-1.7389440127232227
1.56492562475131,2.1829693305919733,4.902447387906022
5.4529832027088485,1.2994535979039012,5.676280249896818
7.323315846588387,1.331198650909863,8.590475787206989
4.24676522616867,2.8559195228230374,4.478568013122323
7.719386834270327,3.218031064061505,12.460164215649797
3.847197659169302,1.5841295286713324,5.940365750556747
4.1225220916918675,0.6338426607070788,1.4419188870397477
1.2091063212411797,1.202322897867976,-3.736246454963956
6.658741455920285,2.8917156123545733,6.55053570223108
4.081320583363476,3.15547436933098,4.7939282136698145
2.176301501580312,3.36685023485643,1.7503023642749587
2.0766870266690587,2.8060858808176854,-1.7238328706362784
5.5052229733079265,3.8142885536296802,12.285036782822328
0.6055216263652312,1.5134667754459934,4.5641792904541125
2.932807039392804,1.0160762500400184,1.3406035612971952
6.681710286916757,3.2878727277073434,8.548551196915032
7.538741635706472,1.4197267711147235,9.182823099719576
6.727064818552457,2.438124510504497,9.58595718517992
2.6268944610625953,3.7576918607614336,-3.4531119669513375
2.7996652889470424,3.1896450760911668,5.671460157355604
1.928258675085698,0.18117582361623397,2.0110750277548584
2.769812922945982,3.883369190182126,1.229151006328058
3.0550109340130103,2.849515297403771,4.634076325201151
3.652915008762422,0.7079442144120143,1.7009769151205754
5.458018977024766,2.244403420762225,6.737342932727774
5.22465649154691,2.988415334105881,8.21970572787608
7.156081511172484,0.9086288058291276,1.6120217857110006
4.885211716722721,0.06042585256490307,3.5772061561747805
3.9587347948297866,3.1698250795330125,3.7600015049494275
7.647587994454753,0.5316050429702082,2.1390050626138333
1.9087455648868206,3.6798066939078833,-0.6576112862469536
3.9933166994198723,0.9250387404591165,-0.06160586470282148
2.4187352724489335,3.656206526932468,6.6337102867755595
6.251814332517623,0.4309420829913857,5.874854018259231
1.90484810061493,1.6876068125489994,2.644574913421063
6.444132688450311,1.850086536522987,8.322936677726286
1.821290345709258,1.2674972700232825,1.862899796298536
6.140805571236912,2.5403870805122195,4.421005347839084
1.0885258786337326,1.1314900057759272,1.123566844449149
2.792460924159564,0.6781608369577174,-0.8902350213115673
3.916517281657578,1.0521322115376397,3.8642481031022435
1.3129887152178945,0.31001832587215494,2.1688701228787237
4.65967630617502,2.843178484413544,8.266676791314353
3.136814526922427,1.1550231950489267,5.563475799338427
1.8153081292293658,0.782636612371113,-0.2304246218922817
6.0963536494416255,3.4459391262383305,9.938159579908985
6.873020291800147,1.8277288755153487,6.600753149665725
1.6982591749187241,2.611204173873568,2.5096087469838473
0.6068562531434871,1.6838336627647985,0.0007497248778770782
1.7289858918082626,0.42623092731059,1.9548970232387284
6.17066226034925,0.033726213198279176,8.462243233472128
0.23332848616928636,3.4378102324878985,-1.481942073758396
6.383461244130139,2.387452957238194,3.148269888574734
2.2787356560729295,2.3989227023855886,4.1004408634415945
2.3473620267352002,1.837417524943279,4.316450686402378
3.4592956076317813,1.3145964667223526,4.132483136635125
3.7889535808419117,3.388756049121396,1.8679982830553408
3.899267559824577,3.5988778328433453,3.125332045007884
0.01306508296045994,2.209327189437911,2.7808943024379857
6.472601774015527,3.0441674402031995,8.904290464418722
2.5938324498062464,3.1824333757992407,6.1174504544244455
4.684610455611511,0.8947984992436222,1.4131718030764469
0.5945175596155394,1.2315310868474683,10.083071041667646
5.320874946194326,3.107205469813377,3.9553207885032493
2.0898594394504153,1.2886590836348093,-0.7143012015191735
2.5254038256148936,1.628401012419471,0.8962439058311017
7.968163448182938,0.25250451077640035,9.229033875083605
2.7753406681596013,1.3857393180084339,-2.359791417251745
0.376873802227502,0.5677203912447042,0.07744509471355919
7.241576534421876,3.0449802982988285,11.55281473332112
4.25143917807427,0.9475585491679843,4.153614585680296
0.4917466527036467,0.19906746521668328,-0.9586072728100133
0.08916930398972855,1.8865506843425468,1.1243879570019755
2.0847444892028912,3.0470792708937373,0.2492442968744104
4.754463266827898,1.8366605276650247,3.329251801510397
7.1835342142205425,2.63123275574213,15.146706427678337
0.4232628373975915,1.771799324840254,-0.08190881660227492
7.9464605990676835,1.7944408028571712,9.630017923765145
7.9834816702767615,1.2016513021153972,13.767547765534387
6.763745496323778,3.23281566381364,11.589015479246429
1.0185689677052192,2.015924336464652,4.1255758424052456
7.918814515225688,1.1453881160954453,9.092295336861897
7.983380068156977,3.1910325941197395,10.789827620609834
0.5034263854279226,3.6268946698598405,4.675752745747707
0.4569721059884806,2.8202896509823074,0.5820976951212775
3.2880200911154818,1.3544498800605456,3.508230024221293
1.4695540593887744,3.7731850331095838,0.914747730196948
7.523680264761966,0.526369640800437,5.8405476739846325
6.184969247360565,2.245235927426584,11.369169073856021
0.5815427693345994,2.5238260672822412,-0.18220569576306023
5.167945274390646,1.6125468040002406,7.221557069908366
0.029469759966373132,3.686645950806464,-0.9621564466656194
7.426362433497067,0.6467172809802562,8.754845304414813
5.783454034002644,0.17283293902360253,3.4746229662590076
7.6572033951217096,1.0375153924418359,1.9733660160966267
3.744200403554874,2.9196353367867527,2.783319680838085
3.045539707812342,2.9869618973426846,6.469777743903816
7.086065907250347,2.127456335181202,7.455292392835755
0.563516073207599,0.4439646806719564,2.5904166629155014
4.802232527159913,2.3171442795411616,2.1355901514776674
7.961958268065564,3.7808791931788233,13.011996583495481
5.783236705863608,1.2826337902716665,0.8098051297435312
0.16774345423423043,3.505858167276186,2.9124724345738198
1.054774919397544,1.50562880769712,-0.1715711593712614
1.0346619861735347,0.282619835411444,-2.6735715897909036
4.110743026981394,0.32976852929355127,-0.4086862952908099
4.769059591978677,3.016046711369631,11.91757979594848
0.08637209660892164,2.647845262234927,3.8210216987829164
6.166677850000636,0.6751972129577135,4.45215710902678
7.889988589064649,1.9652977262769022,9.964086279769809
2.944819829472096,3.0361849088156863,1.5704076145830002
6.821777230783214,3.5154799931329377,12.396620126752673
6.997419922974851,2.86223971160854,9.406162179136988
5.0753433160140835,0.6244120733674285,5.657976835262334
1.7003174068601226,1.84951727086314,0.5245968124187165
2.994878011250318,2.4686478423117806,2.362359057947412
4.461072403984859,1.432628767295777,6.1739216874081375
6.452149013496425,1.818212542945898,7.766433131215248
0.44759933250393846,2.0586141142575594,6.443069363868382
3.8009136104275063,1.2632577758837868,4.660498858238436
2.2848379853121683,1.1782589035375808,3.3609692467831382
7.999457929471397,1.6137446070101777,9.348622504281987
1.4452235762379297,1.3577113544733108,1.7826260827076297
2.786907091444755,2.1645604600480164,6.560833405869591
2.5653404181587547,0.7704045352149831,5.204397166403088
6.021767006277891,3.799960718044226,6.902072145262209
3.014900459556279,3.3623369464745716,8.668443628533826
0.48104417873825955,0.6966809011215589,2.179101691976478
1.5809825963936506,1.3823285004485935,1.7962037436625686
4.734172407698506,3.6714197591799476,2.638247803621168
5.665565791268015,2.59115361144617,2.3617863604580855
2.6745447165188416,1.046278609254661,-1.4872275439907154
2.653753568956705,2.867413662071673,3.643392203434994
6.613746684989559,0.6111655666501159,4.129159267946687
1.1269729532514354,0.5691687293840229,7.435959569880196
6.304526961876718,0.08047353787439437,4.611179697792013
1.9383619267466994,3.7763423613295592,2.720201054097457
4.323014806560329,3.8862620436805098,8.822422887740254
1.7377983117672544,1.9320846799261808,-2.3704002010231764
1.928677169838724,2.447323175246452,5.401129066413115
0.18874594110992238,3.5469747619758714,4.615778352282597
0.43875060364260055,0.48014687139723566,1.9459307683004246
3.1368119800813012,3.8999546004421957,11.14682384047402
6.195246822173672,2.0902339731917374,5.155685760572009
6.897221102056847,1.1703333651885797,7.081299960052525
0.8552761491249896,0.17485035945753635,1.0240564695818781
4.629736685368999,3.5665319523504198,1.1177067764844792
4.876505792144831,3.0430001890461966,8.174336094364277
6.96273136156565,3.527619013662846,7.502860283553156
1.0407685121218364,3.8833052211262813,0.2984399316321582
1.861486072082414,0.6808168531065673,-3.100239097363732
4.3424928975973,3.587675863668875,4.084058043368887
2.374398074927309,3.051310233994462,1.289574145571627
3.7116712473376667,0.09909842513462763,4.464267817943915
2.7045900388749553,0.10230868325633624,-7.267407088980864
0.40130194711271816,3.3069749221971394,4.053173787176608
1.6963760244309034,3.814955382479782,3.0327766139380907
0.5477412208103054,0.7493706809867944,-4.455389633296801
0.20574913121012095,0.20477538701393305,1.2513797917518383
0.37661810945928487,2.4363863096548872,5.64437796271541
7.520081033458116,2.043409258803943,4.150902031473264
2.700583517129359,0.36054911170422965,-0.4216496149363346
6.503592044553124,2.5696611470544046,14.536562321408713
4.430528820821164,2.3343269215697036,7.531259898866549
7.359837826203761,0.28270714490903526,4.677237247024723
4.011172019566068,1.2422215549350772,3.0080658662759334
1.055973222099058,0.45208781979484014,4.650352960285152
6.809688992677628,1.3296346010331566,9.660935590218891
0.4814887607863598,2.1904566283883637,0.3878009367872463
7.248313381799529,0.7418854478056667,5.805635545138735
3.183249913256099,1.159034816765315,2.4776440090592433
7.924482699384673,0.8805757325865158,9.274174151057286
2.1032844516260907,3.543029335372102,8.09099123947558
1.6155083411272217,3.6578868978016983,0.6616126948462011
2.532307059023249,0.06897148294383326,2.1952120981419934
0.3308438957854438,0.7463545265010767,-0.7022093428455087
2.30283497113681,0.48165803157850373,2.106002904862803
0.12455433853141518,1.1982292774483438,6.160672918234379
2.7510217509744646,2.9609639751226315,8.840712312390343
7.024291170237191,2.323488448912494,10.320579909373983
3.7859256050835475,2.4756575441440694,5.249568988687574
3.7975331422465084,1.905641479812723,6.0436467413078425
7.16019413060734,0.46097504999937433,9.016338012511385
6.494391359973784,2.4231857837293176,2.953972539882608
0.4137194839317555,2.657668935099703,2.0714864877514914
7.660923051665356,0.7531534135786169,6.517712163405967
1.4235646586568818,0.5512596190745125,6.920899858318544
0.3046373634500741,2.3183577648951084,0.2859994683318332
5.707095417509271,1.0037608800758604,6.206201871659858
1.8502298790554441,2.4062958647688104,2.969173925196498
7.108758835112328,3.6296413906163574,12.291675721662429
1.3260406300143108,3.478652663506876,1.9015715174918655
6.319627962758238,1.1873467953180783,7.7888134235553155
5.359082426104247,2.1765580463603467,2.4748398190218164
3.9319117320199393,1.1161172989698227,2.7907042943318885
5.599286820680005,3.9481057055925293,10.22731611373749
7.663457339517285,0.5639769604134943,4.903448371230496
0.4722096640389637,0.21412881569700648,3.7963717848868344
5.821701489546756,2.9560276460105723,10.911659094980283
7.5775413016724125,2.754423835365446,10.107445009945446
7.084099159908302,0.6713545430444157,9.326960953196272
6.408193475280817,2.787370720790218,10.671386209659104
4.129920684829679,1.8470826414841914,3.961321298025588
7.911664616192092,1.087664227432803,8.40209490674077
6.447752725951063,1.0997135131112215,1.898405236971778
7.979781034730009,2.050229883409066,11.667634439047076
0.8714628594561811,1.3893533126085456,-5.702265424889635
5.8479620216974535,1.3443849715210145,2.3853625488545767
7.7978478468456345,1.991951965145176,9.04467157702659
0.04297634213242851,3.709494174127147,0.6606646447233682
5.489844255216171,1.349108081066214,1.6474637505550498
4.257823394475508,1.4013647771915654,9.636926905835427
7.353360827060928,1.74558498130073,7.4812307077737605
0.7251459531126558,3.140437902869692,-0.5308678039616371
7.426431796101336,2.62981128632937,9.509079538988976
7.26125945740529,0.7046010208986209,5.899371847019889
5.979064493033055,0.22617164880254848,3.769861349540382
0.6415608958816659,1.8546520998228546,-0.3075076220287148
7.751900643105982,3.163692535711114,16.500807652833743
1.8192006351634475,0.9207751229840575,-1.1106630551083325
7.9780679622180655,2.7028000327280903,14.656824274047858
5.564920077468233,3.787534485886495,4.0844503382370565
7.686690528669021,3.1415851626453355,13.830333136575469
1.0957179356597813,1.0510696792645664,2.6595742847354975
3.664865540470985,3.7563958838051787,7.878466262399579
2.7702162341228176,2.430997613796899,2.236710284008706
6.261631401620422,1.9375777017411293,3.786368406860473
5.7349035721105786,3.8001161365807965,8.332673124392764
0.6917994026550076,1.5825101199933842,-1.2564923087030282
5.838185155066862,2.391743799773896,7.831589870289261
4.593563508536084,1.357241152381583,2.8051773936681252
4.990813707340454,2.172796204710964,4.054202169837359
6.746946847641897,3.652069431483067,8.365209104052896
4.261122812461466,3.3684116785211127,4.330138904615926
0.06969745525630522,3.234608941846895,2.3468908017974015
4.070517172909065,3.8664643219680537,5.817953199543573
3.082395743666032,2.179023124887385,6.286209791539328
5.013442027498677,0.2874915087230736,2.0539129254851143
0.8021526418473188,3.6062938160064846,-0.012077038441134037
0.05506183157003264,0.6893675674081976,-2.2398911060589723
7.691095169107059,3.0301441658899395,15.214098514425343
3.8634801442562567,3.5282527901071674,8.028216230588436
1.514581277667447,1.514926385634448,-1.390670076148437
0.21994147015014232,1.8357604821444697,3.2770947401967434
1.9548419452097443,3.541666758476841,2.081058762230984
6.402208118027689,1.3853875148817347,7.612069129819638
2.2833662485090054,0.7197027580736757,-4.48744146088393
4.248890965152914,1.3416260564576232,5.921667701475454
5.086154095909704,0.5066419880525204,0.8547940448844749
6.387099178132532,1.0983965658074761,3.5618767557271163
4.106453948813839,2.5334335207507426,7.588363774196326
3.976988719253754,2.216390076387587,3.470789689738338
1.599693705993384,0.226807549574644,1.3534726228262697
0.6866550903406319,0.8641992295949237,-1.4926722927793625
0.15599816101322972,1.086854021329208,-2.513214347261382
3.8847709558700947,0.8824911198495378,-0.8180440073227135
1.5582024118832534,3.919473521473867,1.3119924138399501
2.2618829756813863,1.1507434711940867,-4.226635177668091
0.0892527616690737,3.4293660267333115,-1.529232351987679
6.670790337926595,0.24780597132013193,0.29218264049149384
2.9925616242230646,2.566998751415142,0.2616831204199251
4.140917622510045,1.1386869544539238,8.305965630990572
6.369706731222427,3.171082187557957,3.3002108678607716
3.161134194933328,2.1269218266709236,0.5168845268056927
1.8918456892002213,1.1067637520589395,1.2103243908574284
5.708092782192702,0.951041546472402,6.910986728232465
3.255905297847927,0.09743192484326979,1.0201388640073243
6.236240391645115,0.16140075518139652,7.058668397263439
4.034113443491852,0.23034410194717614,4.488479240553086
3.0538945693343864,1.4694872844966533,2.1322162949286008
3.113683779917306,2.0635133841911126,-1.4105244597891327
0.9016593490544631,2.9144192694297235,0.407189375181337
6.547507088781169,0.27575587142856417,5.27742840741402
6.447724082698682,0.0693897933168679,12.106534173844873
0.9205881621486984,3.6886202953169867,2.0552827367251947
2.512032283484136,0.8901328148447258,3.135118996689455
7.164737548684708,2.0656447730193146,11.164961892237805
3.9184011851809784,0.10461941266477659,-2.8550261315649923
4.645865176630983,1.1540755544425947,0.18889995314169994
6.951826702410048,1.6904069886893316,4.820212354729683
1.9746709105666058,1.7464149257010764,7.857545069898748
3.556249935878456,2.237418680761345,2.907186077432799
7.74098119742641,1.794953898246014,14.369063328362817
0.7542835880122905,0.022208538638242015,-5.94042948500752
4.2967511117361195,2.976012902114857,6.618313866974669
3.4055106911014033,3.5026384941925883,5.6305752564539695
4.19589074750341,1.3521257792556978,0.5076525942718121
7.563115910916226,0.10714512274319432,7.840926774688024
2.2387384917117625,0.29673873707787335,3.705702010743298
2.6478125755517965,2.915903574966046,8.701715155417654
4.206774691281087,3.9700796851953806,7.290675819785304
0.24992255061754864,0.019265309212142423,3.029944196457429
0.7335600631570518,2.9272231007532787,0.20839962697359696
7.839192134629827,2.581808913995349,13.555091935267757
7.018985869351122,1.023775253459712,5.8678162331754535
4.097182385771437,3.6891774329792653,10.349462731606819
0.9851638265957625,2.4994780659687863,3.367414672546491
4.225520995259943,2.6813673278316985,7.419019911545911
1.4464388330234064,3.139075029999266,4.4120337303391315
5.287288570401694,1.8719566278579416,2.8187662338608
0.7244770401140528,1.9256868377204701,1.0435566619485541
2.7950138418779744,1.2169053250863242,-2.0443199876252325
3.218961487426416,0.8747654150145827,0.10939426619442116
2.230458311425264,0.9618864559999691,-1.3485908024146707
2.4883007297027557,0.3087958936703852,0.9340153370720448
7.981579318242745,1.7991127521377415,17.687364673509673
4.429033028076749,2.4884214201552886,7.613974475206611
2.4537138989419374,3.40662926556116,1.7241107590376374
5.548473210007002,3.651029451511335,14.712974159024672
6.36549122945184,3.7153912145073904,9.989534335567381
7.486042417543732,0.8935292632498841,8.033538231069606
4.825831361951808,3.8566607612321646,7.411459886009336
3.5550916717167604,2.028631968226352,6.413872037063195
1.4765906114722922,1.2499465147074527,-2.5070051062584042
0.18788009419023055,1.7118225966388736,-0.9892548356645007
2.143049141651691,2.469478516889514,-1.0722317554746894
4.468849273642717,3.05325211124835,1.9391947021773221
7.453111956371798,0.4021778021134117,6.977419468534379
6.525059524405313,1.1376566753259025,4.572655826148112
3.7801174830519626,1.2754113881165798,6.506898695314376
2.16894956710545,1.998406111534548,8.481493275411143
6.975649006238399,1.009315210761621,4.5511385346852
4.118304763607419,3.2884025900406244,6.481776213756517
2.5908800905862206,1.6193952672895575,0.8363068413433074
5.6103809371161635,2.738005476726298,2.682819988509713
3.676752689956256,0.6249779420334471,4.252073442099126
5.613289482687861,1.6629572022033168,4.776560183281976
5.487527731335237,0.7898883038759532,7.650363759850453
6.454426816122288,1.1912969879484083,6.482278701557338
5.783701651400569,0.3980650669398367,5.458158540912958
1.4596148154152147,1.1745585608741935,1.8156549765671735
1.0445250249043445,0.1959232339703858,-2.4906833718594528
2.900344456938959,0.11067288784212614,6.088912502027288
0.3425065097704314,2.897580351813916,0.883708671369269
4.193160093293481,0.8780504927511101,2.538158705983863
2.9254493500336913,0.7110574261155551,3.9722068818065694
3.9503231213984282,2.426470231272277,2.3098738488306134
6.159116075335868,0.4973356023505233,3.4563584131273224
3.026210224875861,0.24714135012719884,-0.0285580304124311
2.742965458500354,0.8629753014711619,3.8877724047772517
4.466683193766801,0.44403379001466003,1.6441929751101583
7.572126385993319,3.87109804963995,7.587574638727194
3.7384926779636816,3.6407667964179,6.169066345100248
4.28291205628272,3.843423441592689,8.222851446462185
3.5694047545839176,3.768709908826103,2.066604280050069
3.0002083118579765,3.212326356670129,2.0545061518064203
5.257398951750013,2.4649982439079996,2.1241937375638202
4.901361328099406,1.5481803537725112,6.652657636045937
7.706574523275583,1.3919399431436945,9.447093198566481
6.633530994003837,0.3476754054777742,3.842269898989521
7.316229540032624,3.9366791831682058,10.35519775848418
3.1346222239365593,0.7647123039894437,3.253699344157289
0.37398597724397575,2.362465452265577,-1.0829997408722842
6.564319409302874,0.8577759153730722,4.712548758667906
7.659689953480785,3.121372277959932,7.415931947208367
7.616244451358821,2.885069366021034,14.268119670449956
0.4395432723387067,1.2108647610023207,-3.720216262930454
6.765489938810116,2.872048042708076,4.144871407704404
4.292306754461419,2.1670955592009324,8.433611830678583
7.055126461708053,2.0820430028227452,11.965383187664683
3.366225323143297,3.1665942428126956,7.182337967742761
1.4816312515659646,2.549534425198727,1.014486152056836
3.574141860819741,3.287025255431753,6.568044576405183
5.161569518240307,2.3351254817812475,4.028942907264867
4.743995134285484,3.986650798001538,5.13570346595143
3.177009012200517,3.3088008688027997,5.006697410773777
2.6518771588607066,2.855343643985289,1.5082323202095764
0.7871227595839425,1.372038976706901,-0.35291784310902785
7.7568906608776365,2.7014838288472545,7.677591572419542
0.7532108773505071,0.10510445845322725,-0.049136150382395764
1.7603280414554696,2.8149845805170015,1.9153296476437083
3.5451321180823427,1.7961274373331224,1.519529577727832
4.185296587783924,3.04743305479139,11.642070910865668
1.2686994063783352,0.9739374791726476,3.3721484619518396
0.8653480384289702,0.4839300154366408,-3.2886704923916223
7.279406426037622,0.18348804022740461,0.5764087255726772
2.460307506373299,3.3607248706317128,3.004410415725862
6.777323905202736,0.5400911487373969,9.670798242046747
6.642712844866242,1.3647047466806548,7.006729268434062
1.8719721223697432,2.9981222303051056,6.0081847628400915
0.9364994941547087,0.37575002041483563,-2.0519618314497117
2.606449359575537,2.454701852618809,0.665379457538678
3.744148136954962,2.3025401452957155,4.901449703535995
4.011148875177921,1.9052158121843936,1.0189855429852686
4.076904113437366,3.7582836528411208,1.5948806046388222
6.435699947403069,3.1122016534099934,8.072798879770911
6.660891636922618,1.9228380307386814,10.642087812074672
2.7142060239457946,3.2667988972214017,-3.5175932649549297
2.6576929968207175,3.2666192321339325,2.229934380777219
1.6170960864672015,3.1591873058700326,-0.10453824764211142
2.329765271724029,0.2829173757375987,-2.17577045300059
6.986691738040351,0.09423067800203322,13.525538645848243
7.475925646470302,0.2653788803217827,7.746346054921361
6.491046982146927,1.6645469016851493,5.938547718552868
4.436421839652604,3.800403236964417,4.805045997916084
5.855924594050603,2.9090123155526264,8.416487625503763
5.189267520204738,1.4477429924494452,3.230389476685901
2.768977119200967,2.1025356617214968,8.214002870480769
3.2000895725372818,0.8789370829734597,2.610912756183277
5.714827184482829,3.7775896274501455,9.177637669886337
2.28568910914992,1.556658805438099,3.196982592220293
7.075862903322243,0.957625124206976,6.006709158095506
6.133372735812242,0.06216646757911448,9.731921340795973
6.95842622038528,3.7430777504724597,6.868347175726095
3.453925334954671,1.9483942651614643,7.9880613087638555
6.191761691856269,1.7301858977683748,3.2515449768426787
6.922527022620036,0.03376275879623192,2.212458823382677
1.6896585303159393,3.025225379530921,3.8014947576939218
3.9844523959365974,1.8120350692045366,5.100647372602724
4.91076771343346,2.8715149862840965,6.719217118821948
4.71665538826342,3.1128083701463205,2.454815258641473
2.974798882311143,1.8135048150568776,-0.7609405879310117
1.1703581171637394,2.992866591170866,2.939273101047992
2.50780455848623,1.0982698167875458,0.0704619632575648
3.5025025276989616,0.7019843938929453,-0.29201278525668
5.974280826188109,0.32694287759230933,3.111887549010505
0.8571831181927783,0.28659592061156447,-5.590756767793029
4.397916993580595,1.604596971318644,8.901074409600495
1.7272661577145874,1.7257049097416388,3.800084680600046
2.2441587969472145,2.7474735584089425,2.4140494535903985
1.9402962344441965,3.916138323371838,1.616478175124855
2.178050598702092,0.37493951297282235,0.0035950074028384908
1.7656334932384805,2.964879435246118,1.4506302992392905
1.066978058772273,2.512219651438384,7.315329956749945
0.3008127614605183,2.5607145571108743,3.605169142737606
7.6096535461371095,2.4447337703442633,7.142473439082926
1.7189540789864326,3.1253535717189225,0.1974830361581706
2.9334197204780805,2.2592132494666637,-0.6990085673403681
4.060459421082789,3.174890989814505,5.141024668554709
4.11718380528527,0.1826252346234143,0.32346978351689515
2.407962438315681,3.3979473954691657,4.904775579767197
7.840348002713943,0.08334671573729802,8.826181000077446
4.588915995311307,3.238169163222651,6.821354841642403
6.76325068530876,2.8876887759789587,10.610769342935999
5.567808973586441,3.7306882215645722,8.214473984196458
0.014618989125274595,0.5729437217476847,-3.0308195563969162
6.746418745867138,1.5234143848262023,7.084265778314908
7.0108126857751,0.7168443572380987,4.75395429925389
3.9993067335285426,1.0295033828383753,4.564637537659062
1.5777799921508606,2.9519501235139867,3.2993587572097938
2.8839647166127067,2.8950748276061318,3.7358537681909265
3.209385585770817,2.7808161866697576,5.694801725149814
6.034325625432834,1.7322374514685026,11.669440396623068
1.5815149420512178,1.250272721305381,-4.857799523318956
2.458642606767256,1.5438790351998577,-0.3269226724903767
1.962338439114907,0.6313832843296638,2.054107210582548
6.829154858773332,2.0647347771739013,8.362229369835184
0.9519925708902051,3.4725106601490956,0.3241516333277035
1.8916653882128545,3.053583845720548,1.7604635697651299
0.041153769147213026,2.4400663601082435,-0.6714871176048176
4.468965598371155,1.536858111818331,7.158072151062862
3.950701083727175,3.9299954041587295,8.299219203889272
1.724394781392954,1.0902274448193414,3.0916052159109384
6.285630754034225,1.9012022217201414,2.973371052667975
0.7073521389263764,0.8335204455249441,0.10742745280377296
7.606823993500277,3.9746186494298716,14.051868221682515
3.2951519050749782,3.329654723778588,5.611821999352938
0.7154340708371674,2.8866388270585994,0.3692625219022945
6.088890001669901,3.8740829581983647,7.37051098288392
2.0399197437217085,1.151216536522798,-0.4516488608288624
3.822250035357569,3.874320287632468,6.073052070223098
7.37234377636199,1.9477375563128576,4.84850482235978
0.477220607035874,2.8513873911145513,-2.1898209353691196
5.021618603378731,0.056915003587143964,-1.0394680373022656
2.274618247870574,0.35579016262676433,6.747090953037873
4.948404872010723,1.5906263092205268,7.604240679339026
5.386726578245552,1.5357933172993397,7.663629800297345
6.419333154642698,2.3172238526294544,10.840005339960284
5.252865979419371,3.2722839977720506,3.593737420138514
4.106473668332374,1.2762941697211034,1.5989527528878127
4.189373266717404,3.7633869252036614,3.8229133730633067
7.746954694583478,2.3915343432279537,8.792980836998332
6.854923073139188,0.4678071445594556,6.763984810488195
6.927638667906139,0.1736855088416851,1.4533582528592868
7.951676143694785,0.24511507237107155,6.344551910619334
4.073584544408222,0.992843915426683,11.890864348740559
5.4313205393947905,3.4008918112159514,6.420640923778922
5.7207898224992055,2.623993950714086,1.1724651682522287
3.0009259006711595,3.41306329562157,7.85527948027806
4.756239736717451,3.427735122537883,3.821034352539148
6.871205210373413,0.7783058266801768,9.184196843533758
7.55548578234837,3.168390562638603,11.619859288270312
1.8910187629342152,3.3634454712961945,6.073559281849664
1.6049200064539786,0.5285972998295145,-5.171220285564343
4.70677429951826,1.4847846520836847,1.8306993611428142
4.218233364110993,2.5664210238237413,0.3255942082049508
1.3483024276826407,1.831971437197922,-2.0913900656112876
6.793573462746946,3.043917982707636,9.21135850414845
1.5222668048486527,1.6305830736937361,0.9746884431808628
0.20198698492562883,1.476192261241518,0.047811355719823916
3.996442542574653,2.5921301459049033,1.6722684687171154
6.281322744963505,0.7660432829189965,5.271997473002193
2.7232852501231086,1.0231837564067634,1.6252792555517883
3.3005825282100885,1.0278249470378427,2.5050343648438393
5.143567429060705,2.138421168576475,3.2251173745587867
0.14342493622079022,1.5220064746539714,-0.391987658682646
1.849566382631715,3.42124138270985,0.5977786373835166
7.297394046290548,2.4790361800195604,4.678969636331689
0.2854919212613547,2.7899305945155826,-0.8208102569767599
4.584413109161226,0.43883989415126035,0.944924750028649
2.0083523524006646,3.1505193929650916,0.6383570942124515
6.095662795338781,3.489133073484523,9.952894085419231
1.7304766826256008,1.1893999502138755,3.5989304336167103
5.09714054006452,3.2254162353565774,12.63123844740035
3.6759280933163154,0.6061476747344656,0.6894801229786289
2.676454751293429,2.9146661378015852,4.707049414230479
5.2329752301828645,3.8231053713346985,8.44879183572135
4.6233578771973045,2.405916095955481,-2.700990464641737
4.462116136881604,0.872590732466568,4.297582285295819
6.375199692702849,2.956176592623206,8.432274787071133
3.4556181302392046,1.3622349029638663,-0.5085484765844545
0.45579817516224885,1.0151876934326824,-3.0132217678732354
7.968872758165103,3.1426524592398404,16.186527941919934
4.672679153025249,2.6635403487940503,2.053851654829157
1.5169587492899845,1.2825306691842049,1.293234712720114
5.26348242231645,1.4504400218621094,4.073107731334011
7.551205082235837,1.138895238124248,8.183255878154092
6.364455693053172,3.7967453600999472,10.79933445316887
0.6474314669954557,3.1633378734716175,2.5779436177971213
4.891024510325168,2.6378996328574122,10.515334956074675
1.6043267215966077,1.5489162027510734,3.7695951216962116
3.894795992666058,2.818349258290752,11.00297490479261
2.874091854247273,3.813583298374151,8.53388048796324
1.1721312972696927,1.117969678229917,9.425334068928278
0.37047482779386876,2.8897911573193524,2.1610284750647963
4.999216666809407,2.4420957015392224,3.269761028999767
0.37132597814624013,3.8157960547930188,-0.08723762025516227
7.416523477761341,0.9326898144348572,8.64495256413825
3.33829886189282,1.042870075515161,3.631093864326833
2.2047407776299144,2.131019918320436,-1.856908602134654
2.1679078795992934,0.24516545822155145,-4.236943819788009
5.615898059139565,0.08889776947118877,5.7512361181238845
0.7390975356651444,2.9177467273158,1.244910436183651
6.610212746442382,1.4944353116105171,3.7398825285077018
0.9063185954326576,3.927010376492484,-0.3592536411689462
3.7454124270967677,0.20986822585849874,2.148462214569397
7.441606201480907,2.158608515805649,14.36606466449883
2.243593423584586,3.814960915871215,6.245522845990164
4.939290185154668,2.5588211645589083,7.926515144108793
2.678744482309299,0.5586452910115445,7.157597434507204
7.341511410439291,3.9710071860159135,14.575893705799325
4.607596818297551,2.469959130775299,16.17957606606314
5.214396330720263,2.4446696116858244,1.7743075910079718
6.261894666684091,3.741263222950643,8.622640557455663
7.107058989852558,1.4828517187691834,1.611858408216255
0.6018943630603673,0.26764556363898295,0.6986396886684006
3.2342302007041637,3.4357398520562294,1.6228635672675233
5.569728927425057,2.2301506053642126,8.22280842643186
2.405163970153608,0.08960708324027555,-0.580865992830268
7.32790408160297,2.1641728986892006,11.21334390902515
5.46887473371649,3.621845711756661,12.655923614869465
0.6206309905418355,0.0900188531264785,-3.7952244508888313
1.6079011199713493,0.009712122680487045,-3.25604056372202
7.647271058475221,1.1060928413262272,5.372444487432709
0.8365094677112532,3.3330481662635796,0.7403188842571096
2.3510310643881853,0.394550840671263,1.3424719899159796
2.636462077590113,3.684405198566228,0.5447185844062205
7.3341768544240855,1.3536406436964543,12.683782036589717
6.527819946462291,1.1101581144007393,7.041099127261278
6.151955380053269,3.4954178648970697,11.118762040903931
3.5357393286333085,3.59137070508389,4.204150511113763
3.273059805434497,3.9992707400044605,6.696604940747045
7.460232955204792,0.6137201735185895,6.637273774094857
2.0218635183460156,2.3049526479791034,4.492016904169654
6.847981519044562,0.7937769283875276,12.81097513205616
6.562522011806089,1.0432654644328863,4.691231774612986
6.848920554974021,1.6625149184224615,7.623359747140803
0.6674297050301767,1.0800528092961814,-2.349319152846696
1.6711595025965202,1.079904838397323,-1.7700388251323134
1.552872517016076,3.053730333758634,7.0749950472548795
7.344538454692176,1.7264758995788156,6.67393743806604
0.785592564241119,2.3952307512711033,5.280793539438386
3.885091092406183,1.8228644346495289,1.9781649149068927
6.467324264869105,2.15687770911612,-2.405743238232489
1.9453962619117577,2.722664142123745,1.6859250386290754
3.7168727762533598,0.7026239433505217,1.260110749583024
3.077004113190574,3.975745035891558,4.380910312482406
1.6026507258627447,3.898783091430787,1.7635983761092775
2.6368313121622764,1.3403423556063392,2.3109864635644066
6.971024949333409,2.0409080614545045,11.898051653300197
7.538982975692725,2.4816169430161246,16.634763281538596
2.331448517114631,2.2548638865403476,3.81771647748392
2.8059093857599677,3.742827653917535,2.128804334740236
5.064574943293411,0.02727374522073145,-0.5782917636156544
3.5594925169327336,1.0053066843475635,2.3823297231944793
1.0962082236579525,3.752531918592074,3.3281254298725518
1.037987713724303,1.6601062314197739,0.1971093272909526
4.086864311406576,1.0643593727639327,-1.0395437702960812
4.060804959711004,2.6597001339540607,3.323776789771897
0.9665005279089165,3.2948788904696964,3.0209145776931003
1.2201950455487882,1.7427412935029696,-2.043999153254567
7.466100427859307,0.03503255559361573,2.378673623954068
3.008845777446181,0.2984389806152996,-1.564105375817272
5.172239845267544,2.51242412940847,4.156771918866675
2.6469249922986435,1.8408289991120466,2.2051339813599657
6.37915510535563,2.240300124722695,8.695260066747606
5.351554495039204,0.9260547328149826,6.725161014503955
3.2394774576501337,3.6393566006216167,5.80008748593902
2.4933739349057777,0.8578936328784086,5.765044219431592
3.6650834728602497,2.2541838828098038,9.977275818520624
3.9179783647743873,1.794084226433831,1.8111334199862785
2.5457536684371638,1.7398768564495835,1.2364284555659288
0.49844018844683546,2.419079212185964,0.46530525006698825
0.5950180931128815,3.8424411883235,0.027964683683870818
0.6483564371328496,2.195034271657961,-1.6370641590818467
6.692525603642716,1.6590082125533803,5.208133475280588
3.2486228706296965,1.509759510434166,0.9994488985482968
7.7209127427658295,3.3917959011487415,8.921340145742901
7.151534689599552,3.4580939471270176,11.857988287802407
4.130702547217957,1.9872577943345173,8.876089294180295
3.247145013219715,1.2511367890938492,3.1953236449349456
1.309677998155217,0.2979590425875993,-0.3657085448770834
0.12674929082744146,2.417216778139999,-5.545495696152604
1.3880033773018026,1.5753357984694771,2.5681484639330576
0.350846794042341,3.51285373612326,8.321165644119228
2.695977748130934,3.142158884398015,3.631146554519739
3.8666283725972805,3.4024391641171574,5.971823452454248
1.31449985541171,0.6339436761678727,1.4755910807689627
4.838704578674798,0.6940153538844154,1.941159247643018
6.863996603581621,0.09278169622110388,3.0964085713967466
1.1706675178462271,1.6895651877616111,4.727021849353629
3.2864136010329537,0.747807709437232,1.0551129429586166
3.895593481864192,1.2443508491864446,2.1487720267593136
5.564565466684844,1.0824397951285385,1.554911221928087
3.4413129098654496,3.4245720455223054,3.8459447376382907
2.4020767360152373,1.7018049999528873,2.0244226648155705
2.0887903798244807,0.10200878135192282,-2.9646137525324727
2.7952286187997535,2.0020983588597026,-1.0839960693018647
7.339527697905351,0.16668048943659164,6.451300523572673
3.3817871907952837,3.0425923161232866,0.7140064066851061
7.21628432506473,1.5099475303815928,7.73658411225908
5.7802023487515255,0.14238644956368196,1.7797835769963155
1.2753498339720961,1.9669974780038646,1.6436151734612037
6.790698933970169,2.739199248081781,10.7824557614754
7.933589616286644,3.075688646029126,13.466666202708689
2.5518202989348513,2.0157647373606267,2.2720476950256567
1.3102093086038513,2.6028474620246627,8.643228762926736
7.064813311268072,0.8812128107429524,2.2693121880888056
6.583265235276795,0.36202315719904465,3.282401538135397
4.58647525717663,0.11339206473820518,5.169709670034287
7.046043284578866,3.6344088973627273,16.169352011259715
4.422352441440134,1.2374742894566686,4.621371790575067
7.867127066870492,0.5276227629092536,4.291237037505712
7.085679757636514,2.0863391681108516,10.625647162584817
7.726709902359914,1.7576529591335883,13.56633272858064
2.0694948976851624,0.32599748694999997,-2.5675494766953424
4.878841262661271,3.3709659451701537,3.7517568871224487
0.2891469383441967,0.8598425213274199,-7.007755970162923
3.7091699088182892,2.377890665251765,7.11614022980031
4.127073929719995,2.5818899106652573,2.0444261396598984
3.5339265451848414,3.268463354499699,6.355264624627899
1.6086663305557511,2.619729832048547,3.0617131186580764
7.083914584093133,2.6887544850555742,9.268199966123412
6.721539326406513,0.942173213258434,4.200809042334811
6.566656413332564,2.569383910504365,7.737231477830645
5.80916288538213,2.6278118144350264,13.89030798593922
2.89844595624281,2.9751081475856664,7.127061786016874
7.885542442087205,3.339252920576367,13.526086748216978
2.8184252256281415,0.2806710147735809,3.797265522330021
2.1636053799756345,0.4411461289138354,0.2850064559376359
2.7568348061896284,3.509907829919601,5.157306826348115
0.6949517276056465,0.7144757845696059,-2.589608726035299
2.783943932393802,1.2769961017647273,0.31602623544592295
1.9432893391183983,3.802326624923819,5.173311296717047
4.322459345987106,1.0746189147084215,1.2248379437023234
2.1243002184853594,0.378642310024099,9.01405706027184
5.575444247802262,2.5824593085218246,11.06183948242952
7.494847124124455,3.707832567928598,5.839491656420873
3.9960052286601044,3.090150551938084,10.170071101305636
5.557637974660933,0.5484544370407245,6.050113077949278
6.294776151276551,1.3257074985477435,3.7089216854521254
6.146800848377645,0.9418599104876137,4.56900186305655
0.5586992287047883,0.7164177879888562,0.3361582439692934
4.607613041385688,2.9343658336835,2.096032015602238
2.2627677982030017,1.1283025615309468,3.62354516055521
7.029016668453135,1.6741546682808779,8.546492040835808
3.074105111630864,3.7276536222314256,5.06110259446289
2.368364528626569,2.7668560414886993,6.58685143522672
5.930705540889057,0.006233029326519812,4.866032323121588
5.119202756860571,1.8082846497722866,3.446942526212341
6.699375005610051,1.197327194172316,13.382024945252585
1.8996948167415475,1.6700255565834956,-3.7493848304704542
3.849346143880016,2.09964286760277,3.716016808310577
7.877211119192659,1.6701763225801707,14.12165838473559
6.558194336527741,2.6199754915358726,16.73853563868097
5.92075519037797,0.5746956302799533,5.5978217384052655
5.572251012628881,3.3453350846914978,3.8100220390815824
5.867711151896631,1.5540876304649518,7.595193356225626
3.6170036264097467,1.010396902130299,1.806676990813908
2.2156319085480485,3.3751500006602044,-1.6296384294709079
0.6535801163406827,0.07521798916658984,-2.3265142275658386
5.707721397474488,2.2324369257303163,10.471090981289064
4.3901248149997905,2.6408040771015764,4.650671314752816
5.378138132337284,1.8602563341654563,-1.2897686829208526
0.5166245562781446,1.4294507779281491,-0.3298846874776466
3.3164668393581502,1.6993558516676242,5.066767048047513
4.9569928135556705,0.6580643725206174,5.87884159950535
7.976795629423739,2.0263065158317803,10.834088518942059
6.60532025792386,1.4526685762753466,6.8375725868214765
5.707928669660275,1.0466141518743823,5.704504945854424
4.528706602342032,2.8411546757112136,3.589633827082297
0.35466178034681395,0.6786285063460364,1.153509303995452
2.586743965122026,2.4213425510334177,1.8937782925055675
5.77151245374454,3.5524982691063043,9.814304061418017
4.096901064008875,1.291461579311266,-0.8709610291458955
2.6219527323132477,3.465264288740392,4.990105781810169
0.12133954699670202,2.896085735287713,0.5596776117265021
2.5754243163431623,3.6884256421454364,6.006431751867898
0.6151307328366782,3.005897726884834,-0.31709565262736455
7.80897591107802,3.720836048129969,17.000789822792477
1.7556621270645572,1.0597390098953188,-0.09495678899972085
1.1186220949014896,1.2757764728203584,0.24089312122886178
6.026375901125965,0.6319152731757987,3.844945991982424
0.7206759910712055,3.245540614338618,0.4157896249230977
1.5677042033732356,3.6932754369702185,2.3935647247376015
5.960537639364647,0.15561533160582108,-1.463157662349464
7.123176322507721,0.11519882250561508,6.610683766234395
0.26783645511507537,1.6881112601463695,1.8587898556360927
0.6202245875913626,3.7888797862753707,3.7534387642936986
4.082052742516244,1.040337065083806,7.475727261586556
2.41148112327531,3.932296330006254,4.265436326171431
2.8339788964203096,2.1466740794384522,-0.5810517929334061
1.0988511908949388,0.6775913686573332,-2.2400361546044882
4.425555558675309,3.822721745238588,14.036104321827384
3.5793296748998857,2.690364653758738,4.844168359417918
1.4322416419878676,1.5637998750875526,1.0962935978553854
6.512889135454227,2.37339051532391,8.935945622784237
2.0060556777595844,1.8430749138626572,6.334839278517576
1.7522800400447904,3.159497661381514,6.502329139515081
5.612547210443932,0.06755405999369168,4.960267146460888
5.555322849787621,1.3207082260394323,4.75294134427012
3.115894189474938,1.742310470620061,-0.49818983287985613
0.4829096591507591,0.019422786377229606,0.3135754930393675
0.5168962081468305,2.91703256204029,-1.5135780141943334
3.3600557546656287,0.5360936046214091,1.2738562271813343
1.5731950053177703,1.0570464488488542,0.9357089244228641
7.2055894119386386,3.384876838301934,12.897098313665243
7.69861065631026,1.1177446343742607,4.0338120157576185
0.47733391002758907,3.338855980732888,6.068177528625858
3.4896873004467954,2.595207604192764,2.4260025548353035
7.765330020939132,0.48248936881795546,5.778115906870839
1.1484135280783523,2.3834838151175206,3.922834826956098
0.3064344169007551,0.9087710725139995,-6.569241275629274
6.209324316894435,0.9014391401692485,1.440132912121917
5.880056729422044,3.079181118614208,4.264426361546159
4.59575034200503,2.0483539240417317,0.5083133497321669
0.5179094997023883,3.0626598090192902,-0.1569626168352949
0.03903583594365134,0.44486577803646155,1.0109374250258765
5.434160544967128,0.7534001443060641,4.120477984752428
4.134352029261213,2.1586808091478353,4.700213480261411
6.849318254423922,1.0399294088503344,9.092949571146322
0.40087844116880955,2.3002332882000203,3.0406534467593835
1.9072036890026975,2.1424933816453233,-1.085317913111122
5.243597349711367,0.6996082768639926,3.9336337954885083
2.7456378380693955,2.935410435889247,3.5552764714396616
5.5094287134470665,0.4005435883258537,2.710511857109049
6.05977474410091,0.5815989312069934,8.618642726281122
2.7192676793432007,2.645653283720278,-3.917742911508876
3.444705409707357,0.1117562732142674,4.842388508168906
1.8686245184411208,1.1873066000138186,-4.224257457408175
0.2427690180271469,1.1983381527946282,1.2266221771256918
4.188180276604004,0.3081174124490276,1.587595431771585
3.062910279144309,0.9824917587150681,0.7766978181529333
6.160678993214882,3.6924302045459556,10.491717395599451
7.852520994119879,3.1144360147222696,12.419986817517255
2.964299436475991,1.1878151667391714,2.971568778856567
7.038065076171756,2.3607518309150457,6.660746359125142
6.947097567007193,2.773978390954464,11.64511979794925
7.90093159091833,1.4844549060215888,6.406769226742978
3.8613059085014054,0.5122778000659203,-1.566966951544924
0.5644976251745746,2.71707803637353,4.599866595146306
6.860203087107755,3.414792372544442,14.144934627498259
6.256894032298047,1.5696000546345839,6.988769944825684
6.26874712246543,0.7450154475695783,7.812109683856299
3.6410787483738183,2.725986110314005,-2.3625437976654324
2.638562367718145,0.09312695420864792,-1.0440354028226886
1.7032971010905866,1.9442638733502489,1.5463482245652411
4.972798737531115,1.7006803290362082,0.9279194241121829
2.4214583177743165,2.268130146411728,6.682599870146297
6.299707947272229,0.6224968894752467,8.588136992116034
1.5317515439507234,2.3794753863683966,1.9449143691944422
6.02199533649207,1.5999833113869357,4.714629846822972
4.000939377031847,0.3383668445353716,2.0757421558479736
6.925607378502495,3.6617094748235717,15.699072970557754
0.10218406672539349,2.8240098757085312,-2.5214481978354946
2.10921560569264,3.8946267565698856,4.537184520209208
7.610301214102148,3.5974336880178552,10.78708463744669
1.9846782084466383,3.8517737596704857,5.825230031934071
3.3624979182285486,1.192254142825738,0.056184779334662954
6.933900959572229,0.12317761952512107,5.163582872625489
0.4529472818676865,0.4521052632613132,-1.728919918997943
6.015097925667651,1.203714730395291,9.373438528130663
3.3110302388862536,1.1790367714875347,6.675637394920371
5.261295091737039,1.0485089803265457,6.657296845492294
0.8706077546475504,1.5839799328675124,1.3149227534420083
1.7587427395640205,2.1593591893091912,2.2222474000998145
4.3604300072967686,3.119164500673196,7.149025789768
6.076239293763664,3.6938005757489893,15.607239764123655
2.766885179138314,1.5474617399326824,4.2947126296651446
6.929080210920445,3.2975961373875364,11.77263064673784
6.398028178857416,1.684304150202117,4.207797206202423
0.4010447420802903,1.037604087578008,1.9416497869454372
7.620135637296151,1.3596801237494938,8.626847952892353
2.1453446376479075,1.1781345754037464,1.568349244281054
5.144543046503847,0.9295263412099315,3.2675085025703865
3.5472453347686317,0.3851759052486683,-0.7891951732760294
3.814296206378338,1.2246615667647172,4.0188879157424795
4.496071538419519,1.2852296426784218,4.474231650186175
6.093502738257503,0.6963521153503551,4.671560575277634
0.6320941201655126,3.4328661755908167,6.436469499582525
6.082001503961233,1.460090053093373,5.944027395732991
1.7676511278555704,2.5409833075458717,7.5716620213150385
4.441687987034538,2.594596404493487,5.949239776556688
7.363248282755912,0.6171849161901037,7.047571694895152
3.6423796448443397,1.0611187928872519,4.624353476338556
5.74920855294493,2.1958022587374573,7.302852032421568
3.5605142583251457,0.6034765795353714,2.2159953710850373
7.878418348725439,1.9847172287571793,13.579837408736257
1.0198444682078058,0.18751427223796346,7.557239608486729
0.1061645801625124,2.314848276458562,5.588245863043418
1.8354155449625988,1.111639385791587,-3.513089052218912
1.879226664412113,2.9150834767583516,4.588150229383108
7.729551560835586,1.4546739248411091,14.404702052005213
4.06942397976232,1.2670294260590511,4.962531740895166
3.471831431570397,0.9795151006372191,7.776174878747378
1.587489771634334,2.0767421417293486,1.1691888249986013
0.7314215735797411,2.355104970503132,2.1713726301753073
7.939358193819283,2.971863899044201,12.036685119097386
1.7866101227211715,0.3791756976343037,5.080656845358451
2.8294536465548257,1.3594310742175564,3.0325587263904743
3.970778835337816,3.836586988458473,5.723468941347694
1.3740226265631525,2.7694248682534264,1.1347436230054846
1.3351430039448742,2.8087394803915418,1.1762500719535043
7.219460376641159,3.4334278757789827,15.633002648380685
2.7475632309278275,1.9126174426776106,4.949115362083908
1.8800529801586023,2.774468563769711,1.6493961002748732
1.3006052943249413,2.82359235568407,4.208511068384608
2.6838234287876412,0.6422411040770037,1.8539339454993007
4.386600516600837,0.4345065393464518,2.931571675865315
4.504008338199954,1.4099073516857183,7.418420228530377
7.047464414428243,0.4068368216614542,5.7597355360991225
1.170482995686693,0.08040698707524241,-1.6771910475260008
5.4494371689560035,1.972822857371233,1.1419183983624925
5.882901316368895,3.18464906867285,4.748044345477252
3.115664735534521,2.937403903105512,1.6655691247558009
7.672521189799186,0.42831530302140575,7.723650386578061
7.338745454158204,2.9010596216953854,11.533510339707938
5.3184819346925165,3.294010268530228,6.680566968001066
4.293933493185898,1.3749693783089136,-0.17516732717253733
3.5117242539396436,1.6781661877888183,3.5205924316326653
7.591539363403701,0.05198344083954298,3.9121209729356616
1.4147745366985287,0.31469511613685386,-1.2586056290775103
7.451410817095936,3.3261066958831176,8.8988345494019
0.2610836613958609,0.6146467309230919,3.003158664804935
2.0970003971555657,3.7203440537771173,4.664737796592421
4.143079975855931,1.717806850693755,3.020017153456585
6.047826756035683,0.9838386920488893,10.070251219307275
4.610642837499443,3.7177715299673197,11.028354467731385
1.1398939069986378,1.6810250559295303,3.191951462967348
4.032222096991794,3.580272034713557,3.8860635794237144
5.399928426450829,3.68545278504017,6.396071533224298
0.6618830902958912,1.6564835740806125,-6.7788172612911595
1.3626883954134055,2.7338380976048486,4.96665092974526
1.4286087601421347,0.4473799120835431,3.914013952150181
2.907351543419569,0.010293797087951972,1.9860824502310344
7.507707257431203,0.147339939230549,0.46648961913164655
3.754001336008029,2.5931394760574786,1.8942342475836669
1.8984079190296823,0.9226669051110865,-0.2395229703519494
2.0945019879664253,2.1558663730317753,6.495597334444565
1.270147356978839,3.085461812805182,4.381254653119117
4.96268205819639,3.6431230754994157,7.655441881786733
2.8316128228739688,2.911378057688248,1.6281941021936674
6.564167593778025,0.3706388839505692,2.4507324622721804
5.348431190036549,3.286411729000516,5.208643233723369
3.1023668353189846,3.592636234165649,1.4089129979824244
1.1844686508994187,2.622763202338039,1.8975684440262093
4.920151441877589,2.437657258147758,7.206452386540197
3.8494496514332264,0.42929004027621076,1.7946936575205077
4.650495270753891,2.289410895111358,4.7031143956510695
1.856732706107426,0.5313525285800811,-1.7543516221152413
5.913143022144,3.9458323317121797,16.96847017905106
4.722873003626201,1.255109408114873,-2.3877547499227143
1.6015515225773775,1.6483745836591521,-0.9938497875585974
1.8548655253602933,2.5080881855734396,-0.02933940053590476
7.871153882953448,2.910980273774458,14.167753528825797
0.3544802659434172,0.09235105170354885,3.3865160668818386
0.8553440000657169,3.762893691801888,-1.9103501960901312
4.5898002932087865,0.35962044217793876,6.818951051872279
7.183889049490387,1.0306966515010325,9.343215980464619
5.480577024962474,0.13459869953935844,-2.3275877203430695
7.633295962478954,1.8927636832933508,14.141939900314838
3.3171515715862325,3.295935739965319,1.1545319684694346
1.2535757090238722,3.842102886800997,-1.542875425805892
1.868254831350007,0.7919494110070793,3.335576657798127
1.0228904041412425,2.0870035582256574,-0.7046333884346399
3.1917100615971012,3.6970482408139556,5.638155169028641
5.743134718797795,1.5613706572759716,6.79006975412014
3.8153160961022063,1.3251290356389598,6.1778634673772705
4.634469119385486,0.7120121732327651,1.09265972467235
1.859172852359496,2.6436002659838866,5.37183077442905
1.7164520541428594,2.7884970120378654,4.692295821637301
4.443303869966013,3.022263293249114,1.4114699517902551
7.277957764560758,3.2673601629655424,6.732349374419655
2.120718479269062,0.07595026613115641,3.0758831033708462
1.8573405758465569,0.3208537035652861,1.3233983130353855
5.684109027802522,2.3754333685704156,12.247681672577707
7.598496866098054,2.092333054218597,9.990282603435965
6.5598376228445305,2.5726417964312582,11.649207557762814
4.1853597524098785,0.3508088337063735,0.24414497561741053
1.4690094526474633,2.4567676025034464,0.41098106440505977
4.219263477402801,2.0524564817930346,3.9695679578146144
5.32148597780892,1.5928151133699462,5.470840483287031
0.32351590657695084,0.6220970699881607,-0.01752477516644113
0.6170500005166595,3.823010729109049,3.1701364928403684
4.601319936142267,1.3032911949722994,5.170377082700279
3.2896478855360334,0.4417261973490172,-9.132671813517748
6.835520465309216,0.6455231334531382,11.453993220353379
5.170914750248855,0.7320982924534833,-1.529073769914831
1.5312097483054288,3.579172243350784,5.029989236221475
5.257774504172311,1.361653216232308,2.5926033345481767
3.0743508859435034,1.7333492360078915,1.771492850921823
3.4077165510823253,3.6903173070485336,5.398801055173555
5.676429890975568,0.5971762768450404,6.829852217405452
7.572183148362244,2.616401060366113,9.129619044935632
4.146297277240077,3.285285090726118,4.4669578469885325
1.4724649605694786,0.9173528899317929,-5.588800480700044
2.243048407298601,0.9009866182488437,3.251025539673758
3.839896092626071,3.9249326351964933,6.873092838672903
2.6708012642662737,3.7318387822003976,-7.237048559008276
5.294362324574468,3.907180207470992,4.440199961258986
7.712619361028598,1.3347858225590263,7.660486866480437
7.175724455263992,3.6984517340937293,15.3633961836918
1.1850497014376336,1.923847139925822,-2.260217875328334
5.560894015563495,3.7410655459536395,7.747524865672003
3.1785088496672023,1.4969528065742863,6.636383804906888
5.178849437902917,0.06579271911005113,4.949417457238459
0.6384013980228813,2.025437248882097,3.7133860344198073
0.5468904557977341,2.411757145282652,0.2653644829231082
0.7644036864344521,2.131217755659325,6.1322065153902106
2.0384968469754723,0.2712066335551362,-4.724920896601654
0.8850725831255106,0.12582509741593473,1.0293395103473248
3.350566073651116,0.10795502265131507,1.3880470927133655
1.0031191615818136,2.0755464418834033,-3.3051709411421855
2.360112320599238,2.921279921076157,7.3543419816107445
3.3787406835225484,2.909247977136978,2.336971530898788
1.2048957584859297,2.9935518872783327,2.2528516129402094
6.99604138055236,2.349636269980328,6.620530336923401
1.4025733075665885,0.7626517662956056,-1.3704314002897267
0.5853931659430307,2.888812196268305,1.4481646908505046
3.9957237322038006,1.094739663480158,-2.037834585484269
3.8904365583196183,1.1565083278343704,6.745764349442988
2.343927408494543,1.8453815984954223,1.7958634356979974
1.601349192048347,3.8452431868176804,-1.5455085561196196
3.737174006530095,1.1444029575669394,0.08506993419243863
2.320119594959321,0.4759544937266793,3.494944203537783
5.19716269425464,2.766836082956694,9.593553640616063
7.213013991528512,1.328430537642951,8.005833991826458
0.8773431746007248,2.6990560312744503,-2.3066750082652976
5.059190892808749,2.478341776402755,6.190388448339993
7.097154956212834,2.4786304397407433,7.359177438348876
5.46391448936233,3.7291102255506994,8.413162192860794
7.559526262640935,1.8182559347075076,11.226124784617268
2.0866063910495214,2.833942628455205,3.3268258965923163
1.8449958825538628,0.8633449088893359,1.4812850109534272
7.566802870462393,2.336658297923973,14.437904713068844
7.510033817116742,0.11605610118035514,4.6895999451659085
6.059870687725635,1.4672319363245632,7.836778252992369
0.3866796946518347,1.445494223338987,3.0966985650629724
7.545046146947452,2.655045262533206,13.725632185833849
4.002307060713393,1.8500747367096917,5.5295198844369
7.521691986755129,1.9145635051054413,8.224461954476476
1.2344378480972695,0.5748599496109299,5.921764171346066
0.36549979266582167,0.32346839626046897,-0.274254722812263
3.0679084304936968,0.6375419263980526,3.324985638671928
2.4068061865029975,2.3495506011257077,2.135339824086335
7.76604688164546,3.3958036730145884,14.205098039384433
3.570116008903902,2.3525060220629435,5.702396575918704
5.232694176963678,3.85400590634973,7.810805027741061
6.972552795195457,1.4841496261400269,8.600023462109736
6.671946261358574,3.8094825972412365,13.473064993698697
6.627853402147348,1.6626303330396786,10.838633571679166
0.21828601547875248,2.038193188036878,-0.3750009852920786
0.6336708160547664,1.7723957464702798,2.199310704520571
5.01296836699848,0.9258083127409877,3.5634795445982954
4.748791274332215,0.8025950920215741,2.9344465266153907
4.5020183875087065,0.05077161684012266,3.937005355316165
6.269595478570291,1.5356540278335564,5.454026665519549
3.1744041195288277,1.9855908986916542,-3.3807283182584444
4.783016944851051,2.6421201320980003,2.5276436544533945
1.8533408213999722,0.7551057770476626,4.195423826742433
3.417663064712766,0.43128376189053075,2.4012843603409766
6.918101967321261,2.0501513260342543,5.162749141070016
7.337230294134671,0.5864702513228082,6.295279519487967
1.592593845216955,0.8406394606303871,4.32686629975247
2.102365984109909,0.3821174644879184,-1.7132352330143126
3.432795541654606,0.02161375757488404,-0.17991021036039553
2.9251295266113715,0.41723952843455914,-1.2205397345630111
7.483379451104053,0.5279387356375471,4.13056354687794
7.062731863408912,2.6803124556049447,18.164608758910052
5.664868897050569,2.3340965066325507,5.761951317999095
0.7985239759235814,0.34434307101770134,-4.6549896642055995
2.7931814862647286,1.1046496342674055,0.47580361482077826
3.942805592099112,2.986144635686334,8.516093071968609
