materials,Product 1,Product 2,Product 3,Product 4,Product 5,Product 6,Product 7,Product 8,Product 9,Product 10,Product 11,Product 12,Product 13,Product 14,Product 15,Product 16,Product 17,Product 18,Product 19,Product 20
1,0.0,25.57,0.0,0.0,0.0,0.0,50.66,27.97,47.69,26.48,41.29,0.0,48.72,35.57,0.0,0.0,0.0,0.0,50.78,0.0
2,0.0,0.0,0.0,0.0,46.12,41.95,0.0,0.0,27.5,0.0,0.0,36.98,0.0,0.0,0.0,44.12,46.94,0.0,42.74,0.0
3,0.0,38.74,0.0,0.0,0.0,0.0,0.0,0.0,18.97,0.0,39.48,0.0,51.95,40.4,0.0,0.0,48.69,0.0,36.52,0.0
4,0.0,47.14,0.0,0.0,0.0,22.35,0.0,51.1,0.0,0.0,39.64,0.0,0.0,67.34,52.36,0.0,52.86,0.0,57.31,47.56
5,0.0,0.0,0.0,0.0,0.0,0.0,49.59,0.0,47.05,0.0,40.88,40.93,62.19,0.0,0.0,0.0,23.22,57.6,71.71,45.5
6,0.0,0.0,0.0,46.47,0.0,0.0,35.86,0.0,0.0,68.32,39.5,26.19,0.0,43.06,0.0,0.0,36.32,0.0,0.0,0.0
7,0.0,0.0,0.0,23.41,0.0,35.6,0.0,32.72,0.0,40.06,0.0,0.0,0.0,30.47,0.0,0.0,0.0,61.79,0.0,0.0
8,0.0,0.0,0.0,0.0,0.0,42.09,0.0,24.15,38.79,49.98,27.44,0.0,0.0,36.25,0.0,0.0,0.0,0.0,0.0,0.0
9,0.0,0.0,44.8,49.48,66.49,0.0,0.0,0.0,0.0,25.89,50.69,0.0,45.39,0.0,59.86,0.0,0.0,44.78,0.0,0.0
10,0.0,0.0,43.12,0.0,39.35,0.0,0.0,0.0,27.07,75.79,45.85,0.0,57.61,44.32,46.13,0.0,39.34,35.71,0.0,0.0
11,27.52,0.0,0.0,0.0,0.0,53.72,0.0,49.81,0.0,0.0,0.0,0.0,0.0,0.0,0.0,0.0,40.8,0.0,39.6,44.07
12,0.0,0.0,0.0,0.0,0.0,39.74,0.0,0.0,0.0,0.0,39.42,0.0,0.0,0.0,44.39,0.0,0.0,0.0,0.0,37.35
13,41.97,0.0,0.0,34.19,0.0,0.0,0.0,0.0,0.0,0.0,46.35,0.0,0.0,0.0,0.0,45.34,0.0,0.0,0.0,0.0
14,0.0,0.0,0.0,0.0,33.08,0.0,0.0,0.0,46.49,44.94,43.25,46.8,0.0,0.0,0.0,0.0,0.0,0.0,43.56,0.0
15,33.53,0.0,0.0,0.0,0.0,0.0,68.3,0.0,0.0,0.0,23.15,0.0,0.0,59.24,0.0,0.0,0.0,16.84,0.0,0.0
16,30.42,32.51,27.54,0.0,48.7,0.0,0.0,35.9,0.0,0.0,0.0,0.0,0.0,0.0,0.0,0.0,0.0,54.99,0.0,40.39
17,0.0,0.0,0.0,0.0,0.0,41.22,0.0,0.0,30.49,31.78,0.0,0.0,0.0,0.0,0.0,0.0,0.0,0.0,0.0,0.0
18,0.0,0.0,34.59,0.0,57.03,57.18,38.2,0.0,0.0,35.09,34.3,30.28,0.0,0.0,0.0,34.86,0.0,0.0,0.0,0.0
19,0.0,0.0,0.0,0.0,0.0,0.0,0.0,0.0,0.0,0.0,66.84,0.0,25.16,0.0,0.0,26.13,40.72,0.0,0.0,0.0
20,0.0,0.0,0.0,42.21,0.0,0.0,0.0,0.0,0.0,0.0,0.0,0.0,0.0,0.0,23.96,44.38,30.66,39.14,0.0,0.0
21,42.98,20.7,0.0,0.0,0.0,0.0,0.0,0.0,0.0,0.0,31.2,0.0,0.0,0.0,0.0,23.41,0.0,40.21,0.0,35.72
22,0.0,23.03,0.0,0.0,0.0,0.0,26.56,46.28,46.37,0.0,32.26,72.59,0.0,0.0,64.73,54.71,0.0,33.43,0.0,0.0
23,0.0,0.0,0.0,48.16,0.0,50.85,0.0,0.0,24.9,0.0,0.0,55.22,0.0,0.0,0.0,0.0,50.04,39.46,28.19,0.0
24,0.0,57.44,53.92,20.52,23.71,52.65,41.41,0.0,0.0,0.0,0.0,0.0,38.44,0.0,0.0,0.0,0.0,26.74,0.0,41.42
25,0.0,0.0,35.95,0.0,19.18,0.0,0.0,54.8,0.0,0.0,0.0,0.0,30.37,28.89,0.0,40.59,0.0,38.2,0.0,31.65
26,0.0,0.0,0.0,0.0,20.81,0.0,0.0,0.0,0.0,0.0,0.0,0.0,0.0,0.0,0.0,0.0,0.0,0.0,0.0,59.59
27,60.19,24.04,0.0,0.0,0.0,34.72,0.0,31.4,36.13,23.34,0.0,42.71,23.0,42.52,28.29,0.0,26.91,0.0,0.0,0.0
28,0.0,0.0,0.0,0.0,0.0,0.0,0.0,0.0,0.0,0.0,0.0,0.0,0.0,0.0,49.53,0.0,0.0,0.0,46.05,0.0
29,0.0,0.0,31.02,0.0,15.78,0.0,0.0,32.91,0.0,0.0,0.0,0.0,26.59,0.0,0.0,0.0,0.0,24.4,0.0,30.9
30,0.0,0.0,0.0,28.05,0.0,34.04,0.0,0.0,0.0,0.0,0.0,0.0,21.35,0.0,0.0,0.0,0.0,0.0,42.29,0.0
31,0.0,0.0,31.35,0.0,35.07,0.0,37.53,57.09,27.93,32.89,0.0,0.0,0.0,0.0,0.0,0.0,0.0,0.0,0.0,0.0
32,33.91,24.58,0.0,52.74,0.0,0.0,30.61,30.34,0.0,8.49,0.0,0.0,0.0,0.0,0.0,47.73,30.0,59.9,0.0,0.0
33,0.0,0.0,0.0,0.0,0.0,49.27,0.0,0.0,35.15,0.0,0.0,0.0,39.62,35.86,37.88,23.33,0.0,41.83,0.0,0.0
34,35.89,27.68,0.0,46.14,0.0,36.73,0.0,49.69,0.0,0.0,37.4,42.78,0.0,48.21,0.0,0.0,30.39,0.0,34.26,0.0
35,0.0,0.0,0.0,0.0,0.0,0.0,0.0,0.0,0.0,0.0,36.94,0.0,0.0,0.0,0.0,30.21,0.0,0.0,0.0,35.28
36,0.0,0.0,0.0,0.0,30.93,0.0,0.0,0.0,23.6,47.5,12.05,0.0,0.0,30.02,0.0,40.89,0.0,0.0,0.0,0.0
37,0.0,25.3,0.0,0.0,0.0,42.94,0.0,41.14,0.0,0.0,0.0,0.0,0.0,0.0,0.0,41.11,0.0,0.0,39.0,0.0
38,0.0,0.0,0.0,68.99,0.0,0.0,0.0,0.0,0.0,52.62,0.0,0.0,0.0,38.95,0.0,17.68,26.21,0.0,22.78,50.68
39,0.0,0.0,0.0,0.0,0.0,55.17,34.43,0.0,0.0,41.77,0.0,0.0,0.0,0.0,0.0,45.12,67.9,42.47,0.0,42.81
40,0.0,0.0,40.95,0.0,0.0,0.0,0.0,27.33,28.4,0.0,0.0,0.0,0.0,0.0,0.0,34.95,32.81,26.28,32.84,0.0
41,0.0,0.0,0.0,0.0,0.0,0.0,0.0,0.0,52.96,0.0,0.0,63.87,55.07,45.0,21.27,0.0,36.51,0.0,50.71,0.0
42,0.0,0.0,0.0,69.61,0.0,0.0,0.0,0.0,58.48,0.0,21.6,0.0,31.95,45.83,0.0,0.0,0.0,50.36,0.0,0.0
43,0.0,13.23,0.0,32.96,0.0,0.0,43.81,32.2,0.0,21.51,38.38,0.0,0.0,56.28,0.0,0.0,0.0,47.13,0.0,0.0
44,0.0,35.53,41.75,0.0,0.0,0.0,0.0,0.0,0.0,0.0,0.0,0.0,0.0,0.0,46.34,28.2,0.0,35.36,35.66,0.0
45,0.0,0.0,0.0,0.0,0.0,60.05,0.0,0.0,51.35,67.81,32.5,31.08,0.0,47.56,50.92,42.87,0.0,0.0,26.81,0.0
46,0.0,46.35,0.0,0.0,52.67,0.0,0.0,34.34,0.0,26.07,33.14,22.74,0.0,0.0,40.9,27.6,0.0,0.0,0.0,0.0
47,0.0,0.0,0.0,0.0,0.0,17.67,0.0,35.81,0.0,0.0,54.01,42.13,0.0,0.0,0.0,0.0,0.0,38.48,0.0,50.52
48,0.0,70.22,0.0,0.0,0.0,0.0,32.7,0.0,49.43,36.85,0.0,42.4,39.23,0.0,0.0,53.12,39.16,20.8,0.0,0.0
49,0.0,0.0,53.95,0.0,0.0,42.73,31.31,37.11,0.0,0.0,0.0,0.0,0.0,24.32,24.44,0.0,0.0,0.0,0.0,0.0
50,0.0,25.35,39.04,34.99,0.0,0.0,0.0,0.0,0.0,30.88,28.83,0.0,0.0,0.0,0.0,0.0,0.0,0.0,0.0,0.0
51,0.0,0.0,32.78,0.0,0.0,0.0,0.0,0.0,40.81,0.0,0.0,0.0,0.0,0.0,0.0,0.0,0.0,33.47,0.0,29.37
52,54.43,34.23,0.0,0.0,0.0,0.0,0.0,46.3,43.98,0.0,0.0,0.0,0.0,0.0,24.27,34.02,0.0,26.79,27.22,0.0
53,31.99,0.0,0.0,49.37,0.0,0.0,0.0,0.0,23.41,0.0,27.36,0.0,0.0,0.0,51.85,0.0,29.7,0.0,0.0,0.0
54,0.0,0.0,21.95,0.0,39.45,0.0,0.0,0.0,0.0,46.73,0.0,0.0,0.0,0.0,0.0,0.0,0.0,0.0,47.7,33.35
55,52.18,0.0,0.0,29.79,47.92,0.0,0.0,0.0,0.0,53.26,0.0,0.0,36.53,39.25,0.0,0.0,0.0,43.12,0.0,0.0
56,0.0,35.75,52.25,0.0,0.0,0.0,56.98,0.0,0.0,0.0,0.0,50.6,30.14,36.04,0.0,0.0,77.06,0.0,0.0,0.0
57,0.0,0.0,0.0,0.0,40.56,0.0,0.0,0.0,0.0,36.23,29.49,0.0,0.0,0.0,38.78,0.0,26.03,27.18,33.89,38.51
58,24.13,33.4,0.0,0.0,38.03,0.0,0.0,0.0,0.0,0.0,0.0,53.88,0.0,48.36,47.62,25.81,0.0,53.82,0.0,0.0
59,49.59,0.0,35.39,0.0,0.0,0.0,0.0,45.21,50.02,46.92,0.0,0.0,26.66,0.0,0.0,25.28,0.0,0.0,31.4,0.0
60,0.0,0.0,23.18,57.53,0.0,0.0,34.61,46.37,0.0,0.0,0.0,0.0,47.69,0.0,0.0,0.0,42.01,76.59,34.35,0.0
61,48.58,51.12,0.0,0.0,0.0,45.5,0.0,0.0,0.0,43.78,0.0,0.0,0.0,0.0,0.0,0.0,0.0,0.0,0.0,0.0
62,0.0,21.17,0.0,0.0,69.09,0.0,0.0,0.0,35.94,0.0,0.0,0.0,0.0,0.0,0.0,14.07,61.74,0.0,0.0,0.0
63,47.92,0.0,26.94,0.0,43.81,26.41,25.05,0.0,0.0,46.28,28.07,51.74,0.0,0.0,0.0,0.0,0.0,0.0,0.0,30.88
64,0.0,0.0,28.0,0.0,25.79,0.0,0.0,0.0,39.87,49.13,0.0,0.0,0.0,74.37,0.0,0.0,0.0,0.0,0.0,0.0
65,39.83,0.0,0.0,0.0,0.0,27.19,0.0,47.67,0.0,0.0,0.0,0.0,0.0,0.0,0.0,25.74,0.0,0.0,0.0,0.0
66,0.0,0.0,45.74,54.0,33.27,62.03,34.61,24.65,0.0,0.0,39.14,0.0,54.99,67.18,27.48,0.0,0.0,49.06,61.51,0.0
67,0.0,0.0,0.0,48.68,0.0,0.0,49.97,33.61,0.0,16.41,0.0,0.0,40.44,0.0,0.0,0.0,38.31,0.0,0.0,0.0
68,0.0,0.0,0.0,0.0,0.0,0.0,0.0,0.0,56.3,35.53,25.3,30.09,44.33,0.0,0.0,0.0,63.07,0.0,0.0,0.0
69,0.0,49.36,0.0,32.0,36.05,0.0,0.0,0.0,0.0,0.0,52.91,0.0,0.0,0.0,41.38,0.0,0.0,34.21,25.15,0.0
70,0.0,31.85,0.0,0.0,28.86,0.0,0.0,47.15,0.0,44.65,0.0,0.0,31.93,0.0,0.0,0.0,34.32,37.04,55.37,0.0
71,42.8,0.0,0.0,27.1,0.0,0.0,0.0,0.0,0.0,30.15,0.0,29.34,0.0,0.0,0.0,58.39,0.0,0.0,31.38,55.71
72,26.36,0.0,0.0,0.0,0.0,30.35,0.0,36.41,0.0,30.43,0.0,0.0,0.0,0.0,0.0,0.0,60.62,39.2,0.0,0.0
73,16.97,0.0,47.71,0.0,0.0,50.03,0.0,0.0,0.0,19.07,33.82,0.0,61.19,0.0,0.0,41.94,0.0,27.63,0.0,0.0
74,0.0,0.0,0.0,36.74,0.0,0.0,0.0,49.35,0.0,0.0,0.0,44.65,0.0,31.83,60.77,25.57,25.72,0.0,0.0,0.0
75,0.0,0.0,0.0,42.97,0.0,0.0,43.91,0.0,37.33,28.07,0.0,0.0,0.0,0.0,38.17,0.0,0.0,0.0,0.0,0.0
76,0.0,0.0,0.0,0.0,0.0,29.44,0.0,0.0,0.0,0.0,0.0,33.65,0.0,0.0,0.0,0.0,0.0,0.0,0.0,38.24
77,0.0,0.0,0.0,34.24,0.0,0.0,0.0,0.0,0.0,40.9,44.24,0.0,0.0,33.37,26.55,0.0,48.49,0.0,28.63,0.0
78,0.0,27.91,0.0,0.0,0.0,0.0,25.5,33.46,36.02,37.21,41.28,0.0,0.0,36.7,61.49,0.0,0.0,0.0,0.0,0.0
79,0.0,0.0,0.0,0.0,27.11,0.0,0.0,0.0,0.0,44.62,0.0,0.0,0.0,0.0,0.0,0.0,0.0,0.0,0.0,0.0
80,58.66,0.0,0.0,0.0,0.0,0.0,33.16,0.0,0.0,47.29,0.0,28.92,0.0,0.0,48.82,0.0,0.0,47.83,68.23,0.0
81,18.25,0.0,40.51,0.0,0.0,0.0,0.0,0.0,0.0,0.0,0.0,0.0,0.0,53.47,0.0,0.0,49.06,0.0,0.0,32.94
82,0.0,0.0,0.0,0.0,26.85,0.0,48.31,33.68,0.0,0.0,32.64,0.0,0.0,0.0,0.0,0.0,0.0,37.19,38.7,0.0
83,0.0,0.0,0.0,0.0,81.07,0.0,0.0,56.33,0.0,0.0,34.31,0.0,0.0,0.0,48.92,41.46,0.0,0.0,0.0,0.0
84,0.0,33.6,0.0,0.0,0.0,0.0,53.97,0.0,29.14,0.0,48.24,40.1,19.05,0.0,46.64,0.0,32.57,0.0,35.14,0.0
85,71.1,0.0,0.0,0.0,0.0,30.93,44.57,0.0,0.0,0.0,50.81,32.96,0.0,0.0,0.0,0.0,0.0,38.05,0.0,0.0
86,0.0,0.0,0.0,0.0,34.82,32.3,0.0,0.0,0.0,0.0,0.0,0.0,0.0,0.0,0.0,0.0,36.55,34.6,0.0,46.63
87,0.0,0.0,0.0,65.09,0.0,0.0,55.45,0.0,0.0,31.88,0.0,0.0,0.0,0.0,0.0,0.0,38.72,0.0,38.22,31.66
88,0.0,0.0,0.0,0.0,0.0,62.26,0.0,0.0,19.18,0.0,39.08,0.0,0.0,36.45,0.0,75.77,0.0,0.0,0.0,0.0
89,0.0,24.14,33.64,37.33,77.45,0.0,0.0,0.0,41.03,0.0,0.0,0.0,0.0,0.0,0.0,38.83,0.0,0.0,0.0,0.0
90,0.0,0.0,26.47,0.0,40.51,41.25,0.0,0.0,0.0,48.73,0.0,0.0,0.0,51.46,0.0,0.0,0.0,0.0,34.45,21.06
91,0.0,0.0,15.57,0.0,0.0,56.51,38.24,0.0,0.0,0.0,0.0,0.0,28.64,0.0,29.23,0.0,0.0,60.52,0.0,0.0
92,0.0,48.61,0.0,22.47,0.0,0.0,0.0,39.33,0.0,0.0,0.0,32.25,0.0,0.0,57.65,0.0,43.27,46.33,0.0,50.09
93,24.42,48.21,0.0,0.0,0.0,28.55,0.0,57.0,0.0,0.0,0.0,0.0,26.64,0.0,0.0,0.0,24.47,0.0,0.0,0.0
94,0.0,41.48,0.0,0.0,36.28,35.92,0.0,20.98,0.0,0.0,0.0,42.88,0.0,32.56,0.0,0.0,24.14,31.15,0.0,0.0
95,33.39,29.22,0.0,44.79,55.43,0.0,0.0,0.0,0.0,35.06,0.0,0.0,0.0,0.0,0.0,49.85,0.0,0.0,0.0,0.0
96,37.86,0.0,35.11,0.0,0.0,0.0,0.0,0.0,31.51,0.0,0.0,0.0,0.0,20.31,0.0,0.0,33.25,36.1,0.0,25.77
97,0.0,0.0,0.0,0.0,49.92,0.0,51.82,0.0,0.0,0.0,0.0,23.33,0.0,30.58,0.0,0.0,39.57,31.83,0.0,56.69
98,63.65,38.55,0.0,0.0,0.0,0.0,45.56,40.38,32.72,0.0,0.0,50.25,0.0,0.0,0.0,0.0,0.0,0.0,0.0,0.0
99,0.0,29.33,0.0,0.0,0.0,0.0,0.0,60.01,39.2,0.0,0.0,0.0,26.2,41.52,0.0,0.0,0.0,0.0,59.8,0.0
100,26.87,74.2,0.0,45.92,0.0,0.0,42.39,0.0,0.0,0.0,0.0,0.0,0.0,38.84,0.0,0.0,0.0,40.37,0.0,0.0
101,0.0,0.0,0.0,0.0,33.66,0.0,0.0,0.0,38.53,0.0,0.0,32.86,0.0,43.6,24.69,0.0,0.0,0.0,0.0,26.18
102,0.0,0.0,0.0,50.02,35.83,0.0,0.0,0.0,38.06,0.0,0.0,0.0,0.0,0.0,0.0,0.0,63.08,0.0,0.0,0.0
103,0.0,33.81,0.0,0.0,0.0,38.13,0.0,52.41,0.0,50.87,40.18,22.39,49.49,0.0,33.39,0.0,0.0,0.0,0.0,0.0
104,0.0,0.0,0.0,0.0,0.0,0.0,26.51,0.0,0.0,0.0,36.77,0.0,0.0,0.0,33.24,0.0,0.0,0.0,46.93,51.53
105,0.0,0.0,32.67,0.0,42.74,0.0,0.0,0.0,0.0,38.58,0.0,0.0,0.0,0.0,0.0,0.0,22.27,0.0,0.0,37.83
106,0.0,38.65,0.0,24.93,0.0,43.93,0.0,0.0,0.0,0.0,0.0,34.42,0.0,42.45,0.0,0.0,0.0,0.0,0.0,63.81
107,37.0,0.0,0.0,0.0,67.48,0.0,0.0,0.0,0.0,0.0,0.0,0.0,0.0,0.0,0.0,35.63,0.0,0.0,0.0,54.0
108,25.38,0.0,47.88,43.13,40.5,0.0,28.83,47.8,0.0,0.0,0.0,28.39,0.0,0.0,32.72,0.0,0.0,31.25,0.0,43.29
109,0.0,33.6,0.0,32.79,0.0,0.0,35.16,68.96,0.0,0.0,0.0,0.0,0.0,40.35,18.5,0.0,0.0,30.86,0.0,0.0
110,0.0,0.0,52.08,29.65,0.0,53.29,0.0,0.0,0.0,0.0,0.0,0.0,47.56,0.0,48.53,0.0,0.0,0.0,0.0,0.0
111,0.0,0.0,0.0,0.0,0.0,0.0,0.0,0.0,32.45,0.0,36.97,0.0,42.05,0.0,50.52,0.0,50.7,25.46,0.0,24.68
112,0.0,23.55,0.0,0.0,0.0,0.0,0.0,0.0,29.94,0.0,0.0,50.87,0.0,0.0,0.0,16.3,45.68,0.0,0.0,0.0
113,0.0,32.05,0.0,44.06,0.0,47.71,0.0,50.12,36.67,0.0,26.03,33.15,0.0,0.0,45.21,0.0,0.0,0.0,21.5,0.0
114,0.0,0.0,33.48,0.0,33.83,0.0,0.0,0.0,0.0,44.86,0.0,0.0,0.0,0.0,0.0,0.0,0.0,0.0,0.0,23.29
115,0.0,0.0,0.0,52.58,0.0,0.0,67.02,45.75,26.26,0.0,0.0,0.0,49.12,30.42,0.0,22.84,0.0,0.0,25.37,22.84
116,0.0,0.0,32.34,0.0,44.22,0.0,0.0,0.0,21.75,0.0,0.0,28.88,0.0,0.0,61.88,0.0,0.0,0.0,0.0,65.2
117,60.86,25.7,0.0,0.0,29.59,0.0,0.0,30.7,0.0,57.67,0.0,0.0,0.0,0.0,0.0,0.0,43.83,0.0,0.0,0.0
118,33.11,0.0,44.51,25.23,0.0,0.0,46.16,41.88,0.0,0.0,58.6,39.58,0.0,0.0,0.0,0.0,0.0,0.0,39.01,42.41
119,0.0,0.0,0.0,0.0,0.0,0.0,57.24,0.0,29.53,0.0,0.0,0.0,0.0,0.0,0.0,0.0,0.0,0.0,42.68,0.0
120,0.0,0.0,0.0,31.44,24.14,0.0,0.0,0.0,0.0,0.0,23.85,0.0,0.0,0.0,0.0,19.6,0.0,0.0,49.08,0.0
121,0.0,65.39,0.0,0.0,0.0,0.0,0.0,0.0,0.0,0.0,32.2,0.0,25.76,0.0,0.0,0.0,0.0,0.0,0.0,23.61
122,0.0,0.0,0.0,33.86,0.0,0.0,0.0,0.0,0.0,0.0,45.64,36.87,0.0,0.0,0.0,0.0,0.0,0.0,0.0,39.79
123,0.0,0.0,29.29,0.0,0.0,0.0,0.0,0.0,35.32,0.0,0.0,59.02,0.0,0.0,0.0,53.12,0.0,79.78,56.63,35.85
124,26.57,0.0,0.0,39.64,47.08,0.0,0.0,0.0,0.0,0.0,0.0,25.09,0.0,0.0,32.53,50.37,0.0,33.3,0.0,0.0
125,0.0,27.82,0.0,0.0,48.81,0.0,0.0,0.0,0.0,37.2,26.15,0.0,32.11,36.09,65.42,40.58,0.0,0.0,0.0,36.58
126,0.0,0.0,0.0,38.37,57.15,0.0,0.0,0.0,0.0,0.0,22.58,0.0,0.0,0.0,0.0,0.0,44.81,20.81,0.0,51.44
127,0.0,17.54,0.0,0.0,47.52,34.65,0.0,0.0,0.0,0.0,25.24,0.0,0.0,0.0,0.0,0.0,0.0,0.0,0.0,31.03
128,0.0,0.0,25.67,0.0,54.4,34.35,0.0,0.0,0.0,0.0,0.0,32.86,0.0,46.61,0.0,45.63,0.0,0.0,46.07,0.0
129,0.0,0.0,0.0,0.0,0.0,0.0,0.0,0.0,52.51,0.0,0.0,0.0,0.0,39.69,0.0,34.93,32.47,59.18,0.0,40.59
130,0.0,0.0,0.0,0.0,22.33,0.0,0.0,0.0,31.36,0.0,0.0,61.06,0.0,0.0,0.0,0.0,0.0,0.0,0.0,38.24
131,0.0,0.0,0.0,0.0,0.0,0.0,0.0,0.0,40.18,21.81,0.0,0.0,29.62,53.32,0.0,0.0,0.0,30.39,0.0,0.0
132,0.0,0.0,0.0,41.89,0.0,0.0,36.47,0.0,48.49,42.55,0.0,0.0,0.0,0.0,0.0,0.0,39.64,0.0,0.0,0.0
133,0.0,57.68,0.0,0.0,0.0,0.0,0.0,0.0,0.0,24.74,37.59,0.0,46.98,0.0,0.0,0.0,0.0,0.0,0.0,0.0
134,26.56,0.0,49.18,36.91,0.0,0.0,0.0,45.99,68.16,0.0,0.0,36.07,0.0,0.0,0.0,41.89,0.0,0.0,0.0,0.0
135,27.84,62.17,0.0,0.0,42.54,0.0,0.0,0.0,0.0,81.2,0.0,34.9,56.99,0.0,0.0,0.0,0.0,0.0,0.0,0.0
136,0.0,0.0,0.0,0.0,0.0,42.0,0.0,0.0,30.3,0.0,0.0,0.0,0.0,0.0,0.0,26.73,45.69,49.92,0.0,0.0
137,0.0,25.47,0.0,0.0,0.0,0.0,0.0,37.46,0.0,35.56,0.0,0.0,0.0,56.35,0.0,0.0,0.0,0.0,25.7,0.0
138,0.0,0.0,26.57,28.69,0.0,63.1,0.0,0.0,17.21,0.0,0.0,0.0,0.0,0.0,0.0,0.0,42.03,0.0,0.0,0.0
139,34.29,0.0,0.0,72.98,0.0,28.9,47.81,49.08,0.0,0.0,0.0,0.0,30.41,38.07,35.91,0.0,36.08,0.0,0.0,34.15
140,0.0,54.3,38.63,43.68,25.83,0.0,0.0,52.0,61.01,36.89,0.0,0.0,25.51,48.66,64.1,0.0,0.0,42.93,0.0,0.0
141,0.0,0.0,0.0,47.98,0.0,0.0,0.0,0.0,0.0,0.0,21.11,40.88,0.0,31.11,45.64,0.0,37.01,0.0,0.0,0.0
142,72.43,0.0,0.0,0.0,65.81,0.0,40.63,0.0,35.84,0.0,0.0,0.0,34.85,32.22,20.65,0.0,0.0,34.99,0.0,0.0
143,0.0,17.35,0.0,0.0,0.0,0.0,0.0,0.0,29.3,0.0,52.76,38.57,0.0,0.0,65.69,28.04,0.0,0.0,0.0,0.0
144,0.0,0.0,0.0,61.91,0.0,0.0,0.0,0.0,0.0,34.51,0.0,0.0,38.76,0.0,0.0,38.37,0.0,31.05,0.0,0.0
145,0.0,0.0,0.0,0.0,0.0,0.0,0.0,0.0,44.5,0.0,0.0,0.0,0.0,0.0,33.06,64.7,0.0,0.0,51.68,0.0
146,28.77,0.0,0.0,0.0,0.0,0.0,0.0,0.0,0.0,0.0,44.67,0.0,0.0,0.0,0.0,0.0,29.72,0.0,0.0,0.0
147,0.0,32.28,37.01,49.93,0.0,0.0,0.0,0.0,0.0,0.0,0.0,0.0,0.0,30.83,0.0,0.0,0.0,0.0,0.0,0.0
148,0.0,0.0,61.73,0.0,0.0,62.1,40.29,81.26,0.0,41.34,0.0,39.43,37.82,0.0,0.0,73.53,0.0,27.91,44.19,0.0
149,0.0,67.02,35.3,0.0,48.87,60.57,34.93,0.0,27.91,67.82,0.0,0.0,0.0,0.0,0.0,0.0,69.24,0.0,0.0,0.0
150,0.0,0.0,0.0,43.76,0.0,0.0,0.0,0.0,0.0,0.0,56.95,0.0,0.0,0.0,0.0,0.0,40.79,0.0,33.28,0.0
151,32.91,0.0,0.0,50.47,43.49,33.01,0.0,0.0,0.0,0.0,0.0,0.0,0.0,0.0,0.0,0.0,0.0,0.0,34.02,18.25
152,0.0,0.0,0.0,0.0,37.01,0.0,0.0,38.56,0.0,0.0,44.18,0.0,0.0,37.82,0.0,64.58,0.0,0.0,0.0,0.0
153,0.0,0.0,0.0,31.2,53.59,0.0,0.0,51.12,36.66,46.36,23.22,31.26,54.43,0.0,0.0,0.0,43.44,0.0,64.28,0.0
154,0.0,45.59,0.0,0.0,0.0,0.0,0.0,0.0,0.0,0.0,0.0,66.34,28.17,40.82,0.0,29.67,0.0,0.0,0.0,0.0
155,0.0,39.17,40.25,62.2,0.0,50.45,35.29,0.0,0.0,43.75,0.0,31.67,0.0,0.0,31.56,0.0,40.29,53.37,55.17,51.02
156,0.0,0.0,0.0,0.0,28.17,0.0,0.0,46.03,0.0,0.0,0.0,26.14,0.0,20.91,39.0,40.74,0.0,0.0,0.0,0.0
157,0.0,0.0,0.0,0.0,0.0,0.0,0.0,0.0,23.75,0.0,31.3,0.0,0.0,0.0,0.0,35.19,0.0,0.0,20.76,29.14
158,0.0,0.0,0.0,0.0,36.44,0.0,74.64,25.94,0.0,0.0,0.0,0.0,0.0,0.0,0.0,40.47,0.0,0.0,0.0,0.0
159,0.0,0.0,0.0,37.89,0.0,0.0,0.0,0.0,0.0,0.0,28.49,0.0,0.0,0.0,29.38,0.0,50.13,0.0,41.2,34.73
160,0.0,0.0,31.21,46.43,0.0,0.0,34.72,33.17,0.0,0.0,0.0,0.0,0.0,0.0,0.0,22.3,0.0,0.0,0.0,28.48
161,0.0,0.0,0.0,0.0,17.05,0.0,0.0,0.0,0.0,0.0,24.35,0.0,0.0,0.0,12.25,0.0,76.65,0.0,0.0,32.59
162,9.45,34.83,0.0,34.58,0.0,0.0,59.75,0.0,0.0,0.0,0.0,0.0,0.0,36.82,43.24,0.0,31.21,0.0,0.0,44.24
163,0.0,0.0,47.13,0.0,14.11,61.02,42.06,23.18,35.31,46.6,0.0,38.76,0.0,39.6,0.0,0.0,0.0,37.08,0.0,0.0
164,0.0,0.0,55.12,0.0,0.0,49.17,0.0,0.0,0.0,42.87,0.0,24.79,32.22,33.53,0.0,31.03,0.0,0.0,0.0,0.0
165,0.0,0.0,0.0,0.0,0.0,0.0,0.0,0.0,0.0,0.0,27.4,34.18,0.0,0.0,0.0,0.0,0.0,55.68,0.0,36.11
166,39.08,0.0,34.17,27.1,0.0,0.0,0.0,0.0,36.93,49.6,0.0,0.0,0.0,0.0,21.35,28.58,0.0,0.0,25.24,37.67
167,0.0,0.0,0.0,0.0,0.0,0.0,28.78,24.19,25.22,0.0,0.0,0.0,45.17,46.39,49.73,0.0,0.0,0.0,50.38,0.0
168,19.97,40.22,0.0,0.0,0.0,0.0,0.0,0.0,0.0,0.0,0.0,0.0,28.25,0.0,0.0,0.0,0.0,0.0,51.91,29.25
169,0.0,0.0,0.0,0.0,0.0,0.0,32.41,0.0,0.0,0.0,0.0,0.0,0.0,0.0,0.0,0.0,0.0,0.0,0.0,42.73
170,0.0,0.0,0.0,0.0,0.0,0.0,0.0,0.0,41.38,29.32,0.0,0.0,29.11,31.77,0.0,36.88,0.0,0.0,0.0,0.0
171,0.0,0.0,0.0,0.0,41.98,0.0,0.0,0.0,39.99,61.37,48.85,0.0,0.0,0.0,46.62,31.72,26.74,0.0,0.0,29.9
172,0.0,39.88,0.0,0.0,0.0,0.0,26.0,0.0,0.0,0.0,0.0,0.0,34.99,0.0,0.0,0.0,0.0,0.0,54.5,0.0
173,42.94,0.0,27.57,0.0,0.0,29.19,0.0,0.0,57.29,0.0,0.0,0.0,34.8,0.0,34.0,0.0,0.0,0.0,0.0,29.16
174,41.82,0.0,0.0,0.0,0.0,0.0,45.55,0.0,0.0,0.0,0.0,38.57,0.0,0.0,0.0,42.92,0.0,29.81,0.0,54.13
175,36.66,39.95,31.73,0.0,0.0,0.0,33.06,0.0,0.0,21.46,44.02,0.0,46.69,0.0,35.21,44.47,0.0,0.0,0.0,0.0
176,37.78,0.0,49.32,48.99,0.0,27.06,32.19,0.0,30.64,25.54,26.85,39.44,0.0,0.0,0.0,47.7,0.0,0.0,0.0,30.62
177,0.0,28.97,0.0,0.0,0.0,46.04,0.0,0.0,37.59,0.0,0.0,0.0,55.11,0.0,0.0,44.32,0.0,0.0,0.0,41.84
178,0.0,47.7,0.0,51.84,46.86,0.0,0.0,0.0,0.0,0.0,28.59,28.81,79.74,64.78,0.0,57.35,58.56,0.0,56.7,31.4
179,31.82,0.0,0.0,0.0,46.84,43.31,37.43,0.0,0.0,0.0,37.13,0.0,49.79,33.26,0.0,36.91,28.79,0.0,0.0,0.0
180,0.0,32.67,51.97,0.0,49.44,0.0,0.0,0.0,0.0,0.0,0.0,45.15,0.0,0.0,0.0,0.0,49.15,31.53,39.99,0.0
181,0.0,34.61,0.0,0.0,36.8,19.05,0.0,21.4,0.0,0.0,0.0,53.44,17.84,0.0,27.97,40.75,43.23,21.09,0.0,0.0
182,0.0,45.03,0.0,0.0,0.0,0.0,0.0,0.0,0.0,0.0,0.0,0.0,0.0,0.0,0.0,0.0,0.0,0.0,0.0,25.43
183,59.64,0.0,0.0,0.0,40.21,0.0,52.09,0.0,0.0,44.73,0.0,0.0,0.0,0.0,0.0,0.0,40.49,0.0,0.0,0.0
184,53.32,0.0,34.89,30.09,0.0,0.0,0.0,0.0,38.24,27.98,0.0,0.0,32.22,0.0,0.0,0.0,0.0,0.0,0.0,0.0
185,39.39,0.0,0.0,40.03,30.34,17.38,65.42,41.29,0.0,0.0,0.0,0.0,0.0,43.14,32.53,0.0,0.0,30.98,39.67,29.11
186,54.5,0.0,0.0,0.0,0.0,0.0,76.69,0.0,0.0,39.11,37.25,0.0,19.5,50.16,0.0,0.0,34.75,0.0,0.0,0.0
187,21.22,0.0,0.0,0.0,29.88,0.0,0.0,0.0,39.54,0.0,60.15,0.0,0.0,0.0,0.0,0.0,0.0,0.0,0.0,48.63
188,0.0,0.0,0.0,0.0,49.41,0.0,0.0,48.56,31.69,49.0,34.26,0.0,0.0,0.0,0.0,0.0,31.15,0.0,0.0,0.0
189,0.0,0.0,0.0,27.98,0.0,0.0,28.7,51.89,0.0,40.48,0.0,0.0,51.76,0.0,34.84,0.0,62.42,19.27,0.0,0.0
190,41.44,0.0,0.0,0.0,0.0,0.0,43.1,0.0,0.0,0.0,0.0,41.95,0.0,0.0,30.54,0.0,44.18,0.0,49.32,0.0
191,49.56,23.66,0.0,40.59,0.0,41.77,0.0,0.0,0.0,30.73,31.91,62.18,0.0,0.0,0.0,0.0,0.0,0.0,24.66,34.5
192,0.0,0.0,20.87,0.0,29.16,50.14,33.22,36.93,0.0,29.33,38.32,0.0,57.9,0.0,0.0,0.0,0.0,0.0,0.0,0.0
193,25.75,0.0,0.0,0.0,45.43,0.0,0.0,48.49,0.0,44.75,26.1,0.0,0.0,0.0,0.0,34.36,30.64,0.0,35.94,52.54
194,0.0,0.0,43.75,33.26,37.74,44.88,0.0,23.73,0.0,0.0,0.0,0.0,0.0,37.29,0.0,0.0,36.13,28.99,51.03,0.0
195,36.2,0.0,0.0,44.97,0.0,51.13,0.0,29.76,0.0,29.89,56.23,43.76,45.29,28.13,0.0,30.96,0.0,0.0,0.0,0.0
196,0.0,0.0,0.0,0.0,40.79,0.0,0.0,0.0,0.0,0.0,58.79,0.0,54.14,26.88,74.02,0.0,0.0,0.0,0.0,0.0
197,0.0,42.18,0.0,0.0,0.0,0.0,0.0,0.0,0.0,0.0,0.0,0.0,33.61,38.97,0.0,46.05,0.0,39.23,0.0,0.0
198,0.0,0.0,0.0,36.24,0.0,0.0,0.0,0.0,0.0,0.0,0.0,51.77,28.07,0.0,0.0,23.96,0.0,0.0,0.0,37.04
199,0.0,0.0,0.0,0.0,0.0,37.16,40.13,0.0,0.0,58.97,0.0,50.24,35.63,0.0,0.0,0.0,0.0,0.0,0.0,69.01
200,0.0,43.24,0.0,0.0,42.03,30.83,0.0,63.86,0.0,54.96,43.34,0.0,0.0,37.62,42.5,0.0,36.24,23.56,24.09,44.25
201,0.0,0.0,43.74,75.54,0.0,50.21,0.0,38.34,53.93,46.79,0.0,42.44,0.0,0.0,0.0,40.03,30.35,0.0,35.25,49.88
202,0.0,0.0,0.0,0.0,27.92,41.62,0.0,0.0,0.0,0.0,0.0,0.0,0.0,0.0,0.0,0.0,46.08,0.0,30.29,0.0
203,0.0,0.0,0.0,0.0,16.71,0.0,55.57,77.09,50.12,51.94,0.0,0.0,0.0,52.89,0.0,29.88,27.09,0.0,22.82,0.0
204,88.66,42.86,52.68,0.0,36.15,0.0,0.0,0.0,27.3,37.87,0.0,0.0,55.31,0.0,0.0,0.0,48.14,47.38,29.22,0.0
205,0.0,0.0,0.0,35.8,0.0,0.0,33.25,0.0,0.0,43.36,0.0,53.1,0.0,51.79,0.0,39.45,0.0,61.59,0.0,0.0
206,0.0,0.0,0.0,40.52,0.0,30.63,32.77,0.0,40.18,0.0,70.53,0.0,38.66,42.22,0.0,0.0,0.0,0.0,0.0,37.95
207,0.0,44.48,50.03,43.39,0.0,0.0,0.0,0.0,0.0,40.69,0.0,0.0,0.0,0.0,38.15,0.0,0.0,0.0,0.0,0.0
208,0.0,69.49,0.0,43.35,0.0,0.0,0.0,24.64,0.0,0.0,0.0,0.0,52.53,0.0,0.0,21.26,0.0,0.0,0.0,45.89
209,44.11,0.0,0.0,0.0,0.0,46.49,44.67,0.0,0.0,0.0,0.0,61.37,0.0,0.0,0.0,0.0,21.58,0.0,0.0,29.25
210,0.0,0.0,0.0,0.0,0.0,33.95,0.0,34.09,46.17,0.0,0.0,40.11,41.7,81.29,0.0,0.0,0.0,42.06,0.0,0.0
211,0.0,47.89,0.0,0.0,35.74,0.0,70.63,0.0,0.0,0.0,0.0,29.34,0.0,0.0,0.0,0.0,0.0,30.28,33.23,31.59
212,0.0,0.0,0.0,0.0,38.68,47.18,34.3,0.0,0.0,0.0,0.0,38.93,0.0,0.0,39.81,0.0,0.0,0.0,0.0,0.0
213,0.0,0.0,53.18,0.0,0.0,0.0,25.86,44.7,0.0,40.69,0.0,0.0,0.0,0.0,0.0,31.99,0.0,42.11,41.83,50.33
214,44.34,0.0,0.0,0.0,83.09,0.0,0.0,0.0,45.01,36.71,33.98,41.15,0.0,0.0,0.0,0.0,0.0,0.0,0.0,0.0
215,0.0,0.0,0.0,0.0,0.0,40.04,31.64,0.0,0.0,0.0,0.0,0.0,0.0,0.0,0.0,28.5,37.81,0.0,0.0,0.0
216,28.45,0.0,44.61,52.06,40.67,34.98,0.0,0.0,31.98,35.46,0.0,0.0,0.0,36.75,0.0,0.0,26.87,48.69,0.0,0.0
217,0.0,0.0,0.0,31.83,67.98,39.04,0.0,23.16,0.0,0.0,42.78,0.0,0.0,16.3,0.0,0.0,0.0,0.0,53.03,20.87
218,24.36,0.0,0.0,18.4,22.82,0.0,0.0,0.0,0.0,0.0,0.0,25.08,0.0,0.0,33.08,0.0,0.0,41.22,0.0,0.0
219,37.19,0.0,25.98,32.47,0.0,0.0,0.0,0.0,0.0,21.1,0.0,0.0,0.0,0.0,0.0,0.0,0.0,0.0,0.0,0.0
220,58.06,0.0,34.76,0.0,0.0,0.0,0.0,43.94,51.83,37.23,0.0,43.03,0.0,0.0,27.31,0.0,38.33,0.0,0.0,0.0
221,0.0,0.0,0.0,0.0,45.81,0.0,0.0,17.01,44.96,0.0,0.0,0.0,0.0,10.63,0.0,0.0,0.0,32.16,0.0,0.0
222,0.0,0.0,24.08,55.08,36.8,0.0,0.0,46.2,56.14,0.0,0.0,0.0,0.0,0.0,0.0,58.4,0.0,0.0,0.0,0.0
223,0.0,0.0,0.0,0.0,0.0,0.0,28.33,28.91,0.0,45.08,28.7,0.0,47.74,51.24,0.0,0.0,26.26,45.92,0.0,0.0
224,0.0,0.0,0.0,0.0,25.75,0.0,30.43,45.12,0.0,39.61,0.0,0.0,0.0,0.0,0.0,58.04,0.0,0.0,0.0,34.86
225,0.0,0.0,36.75,0.0,0.0,19.49,57.67,0.0,0.0,0.0,31.25,24.27,0.0,0.0,34.83,0.0,0.0,70.93,0.0,0.0
226,0.0,0.0,22.92,0.0,0.0,0.0,0.0,0.0,0.0,0.0,0.0,0.0,0.0,0.0,0.0,22.71,0.0,57.3,0.0,0.0
227,0.0,33.66,0.0,0.0,31.33,0.0,0.0,0.0,38.94,0.0,29.98,46.28,0.0,0.0,36.78,0.0,57.42,50.98,0.0,0.0
228,0.0,0.0,0.0,0.0,42.65,49.32,0.0,0.0,0.0,0.0,49.14,51.44,0.0,27.56,0.0,38.07,0.0,34.85,0.0,19.02
229,0.0,0.0,29.55,0.0,27.67,0.0,0.0,0.0,0.0,72.19,0.0,48.13,41.55,52.08,0.0,26.38,29.13,59.44,28.97,0.0
230,43.11,25.18,29.24,0.0,0.0,0.0,0.0,22.69,41.11,0.0,37.41,0.0,0.0,44.7,25.04,0.0,35.07,0.0,0.0,0.0
231,24.63,0.0,0.0,34.26,61.51,0.0,0.0,0.0,0.0,32.59,41.43,0.0,42.1,0.0,0.0,55.73,0.0,25.23,64.82,0.0
232,28.59,0.0,0.0,0.0,0.0,31.17,43.34,51.16,0.0,0.0,0.0,0.0,53.24,23.96,0.0,0.0,0.0,0.0,40.76,12.96
233,0.0,0.0,0.0,0.0,32.55,27.18,0.0,0.0,0.0,0.0,0.0,0.0,0.0,46.09,0.0,0.0,45.87,33.37,0.0,40.92
234,0.0,0.0,0.0,0.0,0.0,62.49,0.0,64.39,55.1,35.38,0.0,0.0,0.0,58.86,0.0,0.0,0.0,0.0,0.0,0.0
235,0.0,0.0,31.76,61.94,0.0,0.0,0.0,0.0,0.0,40.9,0.0,0.0,0.0,0.0,44.81,0.0,0.0,20.25,0.0,0.0
236,0.0,0.0,26.75,0.0,0.0,0.0,41.78,0.0,16.64,0.0,28.08,0.0,45.5,0.0,47.82,0.0,0.0,0.0,0.0,61.33
237,52.94,33.81,26.96,0.0,0.0,33.62,43.1,0.0,0.0,0.0,0.0,48.94,0.0,0.0,49.6,0.0,76.92,0.0,0.0,0.0
238,0.0,0.0,39.26,0.0,0.0,53.78,26.59,60.17,0.0,0.0,37.85,0.0,0.0,0.0,34.67,0.0,0.0,0.0,50.85,0.0
239,53.75,0.0,24.42,48.96,0.0,0.0,61.51,28.91,56.78,0.0,0.0,25.75,35.53,0.0,24.41,41.74,0.0,0.0,0.0,38.05
240,56.86,50.55,19.43,55.37,52.76,38.23,0.0,0.0,60.8,0.0,0.0,0.0,0.0,0.0,39.01,47.3,0.0,0.0,0.0,0.0
241,60.13,0.0,0.0,0.0,0.0,47.95,54.58,0.0,0.0,0.0,0.0,0.0,0.0,0.0,0.0,0.0,0.0,0.0,0.0,0.0
242,0.0,0.0,42.71,0.0,0.0,36.44,0.0,0.0,60.06,0.0,0.0,0.0,0.0,0.0,0.0,0.0,0.0,0.0,0.0,0.0
243,0.0,36.66,0.0,42.33,0.0,0.0,24.21,28.94,77.03,0.0,0.0,0.0,29.49,26.4,0.0,0.0,0.0,0.0,0.0,38.81
244,46.07,52.66,34.3,0.0,74.3,69.24,0.0,0.0,49.64,0.0,0.0,51.56,38.8,0.0,0.0,0.0,0.0,47.08,0.0,0.0
245,0.0,0.0,0.0,0.0,36.87,51.97,0.0,0.0,0.0,0.0,0.0,45.58,38.07,0.0,0.0,0.0,33.56,0.0,0.0,37.25
246,43.43,0.0,0.0,45.22,0.0,34.75,0.0,0.0,0.0,39.29,30.39,16.61,23.49,0.0,0.0,0.0,0.0,0.0,22.8,0.0
247,0.0,0.0,56.39,48.67,0.0,0.0,0.0,0.0,0.0,58.22,0.0,0.0,0.0,70.55,0.0,0.0,0.0,22.18,0.0,0.0
248,44.73,41.39,0.0,0.0,47.43,36.36,0.0,0.0,0.0,0.0,27.38,21.44,0.0,21.27,0.0,51.41,0.0,0.0,0.0,55.3
249,74.69,0.0,0.0,0.0,42.58,0.0,0.0,21.73,14.08,0.0,33.67,0.0,0.0,0.0,12.46,0.0,0.0,0.0,32.54,0.0
250,0.0,0.0,0.0,27.55,0.0,0.0,0.0,0.0,0.0,0.0,33.52,0.0,0.0,0.0,0.0,0.0,37.63,0.0,0.0,0.0
251,0.0,60.75,42.25,0.0,0.0,0.0,0.0,22.61,0.0,0.0,33.75,0.0,38.73,0.0,71.32,0.0,29.8,0.0,0.0,0.0
252,0.0,0.0,0.0,0.0,48.37,31.98,0.0,0.0,0.0,0.0,0.0,0.0,44.2,0.0,0.0,0.0,21.46,0.0,0.0,25.49
253,29.5,0.0,0.0,0.0,0.0,0.0,0.0,39.6,0.0,0.0,43.07,50.6,28.56,0.0,41.42,0.0,0.0,0.0,40.29,0.0
254,0.0,37.1,0.0,0.0,0.0,0.0,53.38,32.44,34.18,0.0,0.0,82.85,0.0,0.0,0.0,0.0,0.0,0.0,49.22,39.43
255,0.0,31.89,0.0,0.0,0.0,36.73,42.66,0.0,38.44,0.0,38.21,0.0,0.0,34.54,0.0,0.0,45.11,0.0,31.04,0.0
256,0.0,45.82,0.0,0.0,0.0,0.0,33.58,0.0,0.0,0.0,0.0,0.0,0.0,35.73,67.19,46.84,0.0,0.0,0.0,58.5
257,27.93,0.0,0.0,0.0,0.0,0.0,0.0,0.0,0.0,0.0,0.0,34.88,0.0,0.0,0.0,30.26,60.34,0.0,44.16,0.0
258,0.0,0.0,0.0,38.92,0.0,48.62,0.0,55.68,0.0,0.0,0.0,41.72,32.96,0.0,40.34,0.0,0.0,0.0,38.43,19.77
259,55.74,0.0,47.66,0.0,0.0,0.0,31.16,35.51,0.0,0.0,0.0,0.0,43.91,59.82,45.08,0.0,38.91,46.34,0.0,29.91
260,0.0,0.0,51.41,0.0,0.0,0.0,0.0,0.0,26.43,0.0,0.0,24.69,0.0,0.0,0.0,25.67,0.0,0.0,0.0,0.0
261,0.0,0.0,0.0,42.78,0.0,0.0,0.0,0.0,49.58,0.0,0.0,0.0,0.0,0.0,0.0,0.0,32.65,0.0,0.0,0.0
262,0.0,0.0,19.07,0.0,34.25,0.0,26.96,0.0,0.0,0.0,0.0,0.0,33.28,0.0,47.57,0.0,0.0,32.48,0.0,0.0
263,0.0,0.0,0.0,0.0,40.56,0.0,52.92,25.82,28.22,54.06,0.0,30.72,0.0,37.27,0.0,0.0,0.0,0.0,0.0,0.0
264,0.0,30.95,0.0,0.0,0.0,0.0,0.0,36.26,0.0,0.0,0.0,45.04,55.42,0.0,0.0,32.01,0.0,46.21,0.0,0.0
265,52.92,28.24,0.0,0.0,0.0,0.0,0.0,0.0,0.0,44.58,0.0,48.98,28.24,0.0,0.0,0.0,57.47,0.0,0.0,0.0
266,0.0,0.0,24.4,0.0,0.0,0.0,0.0,27.54,0.0,0.0,24.47,0.0,0.0,0.0,29.31,0.0,0.0,26.38,34.75,25.31
267,0.0,0.0,22.52,0.0,0.0,0.0,0.0,29.41,0.0,0.0,0.0,28.4,0.0,0.0,0.0,0.0,0.0,0.0,0.0,47.75
268,41.9,0.0,0.0,67.87,0.0,0.0,0.0,58.49,0.0,0.0,0.0,33.19,23.88,0.0,0.0,0.0,0.0,0.0,0.0,0.0
269,0.0,0.0,0.0,0.0,0.0,0.0,43.83,0.0,0.0,47.52,0.0,0.0,16.9,42.67,0.0,0.0,32.36,54.76,0.0,0.0
270,0.0,0.0,0.0,46.14,0.0,35.12,0.0,0.0,0.0,0.0,0.0,0.0,53.11,0.0,0.0,41.04,0.0,0.0,0.0,34.06
271,0.0,0.0,36.06,0.0,43.32,0.0,0.0,0.0,0.0,32.07,27.05,14.17,0.0,34.08,31.95,0.0,0.0,50.96,59.46,0.0
272,0.0,59.35,0.0,50.69,0.0,27.26,0.0,0.0,0.0,0.0,22.19,27.66,0.0,0.0,0.0,26.02,0.0,51.04,0.0,0.0
273,0.0,0.0,0.0,0.0,0.0,46.13,54.94,0.0,0.0,34.15,0.0,0.0,0.0,63.22,42.45,30.88,0.0,0.0,0.0,46.64
274,0.0,0.0,29.53,80.17,0.0,0.0,0.0,0.0,23.49,0.0,0.0,39.96,47.67,32.12,0.0,0.0,0.0,0.0,0.0,58.81
275,0.0,0.0,35.09,0.0,0.0,0.0,30.22,0.0,47.96,0.0,0.0,59.99,0.0,0.0,38.38,0.0,0.0,0.0,0.0,0.0
276,0.0,0.0,0.0,0.0,0.0,0.0,28.55,33.61,65.92,34.84,0.0,0.0,54.72,0.0,0.0,0.0,0.0,37.3,27.45,0.0
277,33.76,24.5,0.0,34.37,0.0,0.0,0.0,61.86,0.0,17.94,0.0,0.0,0.0,0.0,0.0,0.0,31.12,66.31,0.0,36.06
278,0.0,24.44,28.0,0.0,35.45,0.0,49.32,0.0,0.0,23.76,0.0,0.0,38.71,33.37,61.7,0.0,0.0,27.45,0.0,0.0
279,0.0,0.0,0.0,0.0,0.0,0.0,0.0,0.0,0.0,0.0,0.0,0.0,0.0,0.0,0.0,0.0,0.0,0.0,0.0,44.76
280,27.8,23.88,0.0,37.66,0.0,28.31,0.0,0.0,51.04,0.0,0.0,0.0,0.0,0.0,0.0,0.0,0.0,0.0,0.0,51.69
281,23.78,0.0,75.27,0.0,0.0,0.0,33.64,0.0,0.0,0.0,55.04,0.0,0.0,39.99,32.33,0.0,0.0,24.84,0.0,32.71
282,29.24,0.0,0.0,0.0,0.0,0.0,0.0,30.59,0.0,36.21,0.0,36.7,0.0,0.0,0.0,58.7,0.0,35.98,33.79,0.0
283,24.69,29.74,65.92,0.0,0.0,0.0,0.0,0.0,0.0,0.0,47.37,0.0,0.0,0.0,0.0,0.0,0.0,0.0,32.84,0.0
284,42.07,0.0,36.09,19.98,0.0,0.0,33.34,0.0,0.0,0.0,0.0,0.0,0.0,0.0,0.0,0.0,0.0,35.69,0.0,35.38
285,0.0,0.0,0.0,0.0,0.0,0.0,0.0,0.0,45.82,60.27,0.0,0.0,0.0,0.0,39.17,38.87,27.03,61.39,0.0,38.27
286,53.91,0.0,19.33,0.0,0.0,0.0,25.5,0.0,0.0,0.0,0.0,0.0,18.35,26.51,0.0,29.19,48.8,0.0,0.0,0.0
287,0.0,36.88,43.51,0.0,28.52,43.26,0.0,33.35,0.0,35.38,0.0,0.0,55.73,0.0,0.0,0.0,0.0,0.0,0.0,0.0
288,0.0,0.0,37.72,0.0,0.0,0.0,0.0,0.0,0.0,60.23,36.11,45.61,0.0,44.16,36.71,0.0,49.21,43.28,24.45,42.05
289,26.13,0.0,44.28,0.0,0.0,18.3,0.0,0.0,0.0,0.0,0.0,47.84,0.0,0.0,27.64,0.0,0.0,0.0,0.0,0.0
290,53.67,0.0,0.0,41.38,0.0,0.0,0.0,0.0,0.0,0.0,0.0,0.0,0.0,0.0,20.86,0.0,0.0,0.0,0.0,0.0
291,0.0,0.0,36.49,0.0,0.0,26.71,31.78,0.0,40.01,0.0,35.8,0.0,0.0,0.0,0.0,32.65,0.0,41.56,0.0,0.0
292,38.49,0.0,0.0,0.0,34.21,0.0,41.24,0.0,0.0,0.0,46.33,37.37,0.0,0.0,0.0,0.0,0.0,0.0,0.0,31.83
293,38.76,19.04,0.0,0.0,0.0,0.0,0.0,0.0,56.6,0.0,0.0,0.0,0.0,43.39,0.0,0.0,0.0,42.73,0.0,26.53
294,31.76,43.96,0.0,0.0,0.0,27.02,48.3,42.37,38.43,20.63,0.0,36.44,31.84,39.8,25.64,0.0,0.0,24.58,0.0,0.0
295,0.0,0.0,0.0,36.24,0.0,41.18,0.0,0.0,0.0,0.0,0.0,44.75,0.0,0.0,40.98,0.0,0.0,35.78,0.0,0.0
296,0.0,42.85,0.0,23.77,0.0,0.0,58.28,0.0,33.51,0.0,43.25,0.0,52.05,32.84,0.0,0.0,53.13,0.0,0.0,0.0
297,0.0,0.0,41.79,0.0,45.29,0.0,22.04,0.0,0.0,0.0,0.0,40.91,50.87,0.0,36.16,0.0,0.0,0.0,24.8,0.0
298,0.0,40.81,0.0,0.0,0.0,0.0,0.0,0.0,0.0,0.0,0.0,34.89,0.0,0.0,0.0,0.0,0.0,0.0,0.0,20.89
299,0.0,0.0,0.0,69.57,0.0,30.21,0.0,0.0,40.51,0.0,50.35,47.04,0.0,34.21,0.0,0.0,0.0,0.0,34.93,40.15
300,0.0,0.0,61.1,0.0,0.0,0.0,34.29,28.74,0.0,0.0,0.0,0.0,24.77,0.0,47.87,0.0,0.0,0.0,0.0,0.0
301,39.86,0.0,0.0,50.87,34.54,39.33,54.93,0.0,0.0,25.36,0.0,0.0,0.0,24.97,31.98,0.0,40.79,33.32,32.76,0.0
302,0.0,27.13,51.3,0.0,34.37,52.41,20.87,0.0,26.59,0.0,25.81,0.0,28.77,24.17,0.0,0.0,0.0,53.14,0.0,0.0
303,0.0,34.81,0.0,0.0,42.18,0.0,0.0,21.47,0.0,47.3,36.66,89.94,38.58,0.0,0.0,33.28,0.0,0.0,25.48,60.28
304,0.0,54.38,0.0,0.0,0.0,0.0,0.0,0.0,49.45,22.89,0.0,0.0,40.43,0.0,40.44,0.0,0.0,0.0,0.0,0.0
305,0.0,62.63,35.98,0.0,0.0,0.0,0.0,0.0,0.0,0.0,0.0,0.0,0.0,30.98,0.0,0.0,74.82,30.4,0.0,0.0
306,0.0,0.0,36.6,0.0,26.52,0.0,0.0,46.33,28.3,0.0,27.28,0.0,20.11,51.28,33.15,0.0,0.0,0.0,0.0,0.0
307,0.0,56.28,0.0,0.0,24.55,44.48,26.55,0.0,24.11,30.8,0.0,47.33,0.0,0.0,0.0,59.25,37.49,55.83,0.0,0.0
308,31.58,0.0,40.49,0.0,0.0,0.0,0.0,0.0,53.92,0.0,0.0,42.15,0.0,36.13,0.0,24.4,0.0,0.0,0.0,0.0
309,48.67,0.0,0.0,0.0,0.0,0.0,0.0,49.51,0.0,31.43,0.0,0.0,0.0,0.0,36.48,0.0,0.0,0.0,0.0,26.17
310,32.99,0.0,28.71,0.0,0.0,28.91,0.0,64.8,0.0,40.16,0.0,0.0,24.45,0.0,74.5,0.0,0.0,0.0,0.0,0.0
311,13.82,30.64,26.71,0.0,0.0,0.0,0.0,0.0,0.0,0.0,0.0,0.0,0.0,30.67,47.37,0.0,25.79,38.77,0.0,0.0
312,0.0,0.0,0.0,0.0,33.99,24.07,0.0,0.0,45.97,0.0,0.0,34.84,29.6,0.0,0.0,0.0,0.0,0.0,0.0,0.0
313,29.75,0.0,0.0,0.0,0.0,0.0,0.0,0.0,0.0,0.0,0.0,24.72,63.84,0.0,0.0,0.0,0.0,20.68,0.0,40.18
314,0.0,21.71,36.44,0.0,0.0,0.0,0.0,0.0,0.0,0.0,36.36,0.0,0.0,35.0,0.0,0.0,22.29,25.05,0.0,47.33
315,0.0,0.0,0.0,16.48,0.0,38.06,0.0,62.36,0.0,0.0,0.0,49.41,0.0,52.83,0.0,0.0,26.3,0.0,0.0,32.34
316,41.45,35.59,0.0,0.0,0.0,0.0,0.0,0.0,43.56,37.01,0.0,66.98,0.0,0.0,0.0,39.83,51.65,38.59,0.0,0.0
317,0.0,50.52,52.35,0.0,0.0,47.84,34.28,42.59,0.0,0.0,0.0,0.0,0.0,0.0,0.0,45.82,27.57,0.0,0.0,42.54
318,0.0,0.0,0.0,0.0,0.0,36.39,0.0,0.0,0.0,36.94,28.64,0.0,32.18,0.0,0.0,0.0,0.0,32.58,0.0,28.89
319,0.0,0.0,55.2,14.74,0.0,0.0,0.0,0.0,0.0,0.0,37.86,0.0,70.44,0.0,0.0,0.0,39.7,34.62,28.04,0.0
320,0.0,0.0,25.52,0.0,24.72,23.55,0.0,0.0,0.0,33.08,19.16,0.0,0.0,0.0,30.92,60.57,0.0,0.0,0.0,73.36
321,0.0,0.0,0.0,0.0,30.68,71.89,0.0,30.43,26.95,0.0,37.45,0.0,0.0,0.0,35.94,0.0,28.52,0.0,29.49,0.0
322,0.0,0.0,0.0,33.79,0.0,0.0,0.0,0.0,0.0,0.0,0.0,0.0,23.72,0.0,0.0,0.0,0.0,30.62,0.0,0.0
323,27.33,0.0,0.0,0.0,0.0,0.0,0.0,47.13,0.0,82.99,0.0,0.0,50.21,27.92,45.56,68.13,0.0,0.0,45.81,0.0
324,0.0,0.0,0.0,32.27,0.0,0.0,0.0,0.0,0.0,0.0,0.0,33.89,53.35,0.0,38.24,0.0,38.95,0.0,0.0,42.07
325,34.3,0.0,0.0,0.0,0.0,0.0,0.0,0.0,77.91,0.0,38.76,0.0,0.0,0.0,0.0,32.17,0.0,0.0,0.0,58.49
326,32.66,0.0,0.0,41.3,26.25,32.75,0.0,28.78,46.8,32.13,0.0,0.0,0.0,34.32,41.68,65.36,19.16,47.52,49.09,0.0
327,0.0,0.0,41.56,30.71,0.0,0.0,0.0,45.46,0.0,0.0,37.81,0.0,0.0,0.0,38.62,0.0,0.0,29.34,0.0,66.25
328,46.13,39.36,0.0,0.0,0.0,0.0,32.1,0.0,0.0,32.1,64.66,0.0,20.57,40.69,0.0,37.7,0.0,0.0,0.0,0.0
329,0.0,0.0,51.3,0.0,47.49,26.24,0.0,43.97,33.19,86.05,0.0,0.0,0.0,0.0,24.92,39.94,0.0,0.0,65.35,0.0
330,0.0,38.01,0.0,37.25,31.83,0.0,0.0,0.0,18.97,0.0,0.0,18.93,0.0,38.91,0.0,0.0,0.0,0.0,30.94,0.0
331,0.0,28.03,28.42,0.0,0.0,32.17,42.52,0.0,0.0,0.0,0.0,59.43,0.0,43.18,0.0,0.0,0.0,41.3,48.41,0.0
332,34.43,0.0,0.0,0.0,0.0,0.0,0.0,50.6,0.0,0.0,0.0,0.0,0.0,37.18,0.0,0.0,0.0,0.0,0.0,0.0
333,0.0,45.12,35.88,0.0,0.0,0.0,0.0,0.0,40.68,70.01,20.05,0.0,0.0,0.0,40.42,0.0,0.0,0.0,0.0,31.28
334,0.0,39.71,0.0,0.0,47.98,0.0,37.35,37.52,53.82,0.0,0.0,0.0,48.87,0.0,36.92,0.0,0.0,0.0,38.8,0.0
335,0.0,0.0,0.0,21.3,34.79,0.0,0.0,30.79,0.0,97.76,45.03,28.27,52.53,0.0,32.07,0.0,0.0,0.0,0.0,0.0
336,51.27,0.0,0.0,0.0,0.0,0.0,35.48,0.0,0.0,0.0,0.0,0.0,0.0,0.0,32.66,20.87,0.0,0.0,0.0,0.0
337,0.0,66.99,60.68,0.0,0.0,0.0,0.0,0.0,36.43,32.33,0.0,0.0,0.0,38.6,40.07,0.0,0.0,0.0,57.38,0.0
338,0.0,0.0,0.0,17.56,0.0,0.0,0.0,0.0,0.0,0.0,52.99,21.48,42.61,40.37,0.0,58.11,0.0,0.0,0.0,31.01
339,39.64,34.86,0.0,0.0,41.04,27.02,0.0,0.0,45.99,41.58,0.0,0.0,34.91,34.33,0.0,0.0,38.79,0.0,0.0,0.0
340,0.0,22.33,51.31,0.0,23.48,25.12,0.0,45.37,26.01,0.0,36.23,0.0,0.0,42.11,26.68,0.0,0.0,30.01,0.0,0.0
341,0.0,0.0,49.08,0.0,0.0,29.07,22.61,0.0,25.79,24.01,0.0,33.08,0.0,79.96,0.0,0.0,57.77,0.0,0.0,0.0
342,0.0,0.0,38.02,0.0,0.0,46.49,0.0,0.0,0.0,0.0,42.1,0.0,21.62,0.0,0.0,54.33,0.0,53.62,0.0,0.0
343,0.0,0.0,0.0,0.0,25.93,0.0,0.0,0.0,0.0,38.66,0.0,40.51,39.56,0.0,50.37,52.24,0.0,0.0,0.0,0.0
344,0.0,0.0,0.0,0.0,40.97,0.0,49.94,0.0,0.0,42.56,0.0,31.23,0.0,0.0,63.57,31.34,41.41,0.0,0.0,57.67
345,43.56,0.0,0.0,0.0,0.0,0.0,35.01,0.0,0.0,0.0,0.0,56.19,35.63,0.0,58.78,52.5,0.0,0.0,0.0,0.0
346,0.0,28.67,56.2,38.76,19.81,0.0,0.0,32.84,42.56,37.68,0.0,0.0,0.0,0.0,0.0,38.71,28.42,0.0,0.0,30.05
347,40.5,0.0,0.0,33.82,52.77,0.0,0.0,40.36,43.29,0.0,0.0,29.85,0.0,47.34,0.0,0.0,0.0,59.2,22.66,0.0
348,45.85,35.73,25.53,0.0,0.0,0.0,0.0,0.0,0.0,0.0,0.0,0.0,0.0,64.84,0.0,34.46,0.0,24.75,0.0,0.0
349,0.0,0.0,43.49,55.21,0.0,51.89,0.0,0.0,0.0,0.0,0.0,0.0,0.0,0.0,0.0,27.62,0.0,0.0,0.0,0.0
350,0.0,0.0,17.42,0.0,48.59,0.0,33.7,0.0,67.91,0.0,0.0,0.0,39.95,0.0,0.0,0.0,37.15,20.35,0.0,0.0
351,72.47,31.49,37.44,34.42,31.99,0.0,0.0,18.97,48.23,0.0,0.0,0.0,32.55,27.91,0.0,0.0,0.0,0.0,0.0,0.0
352,33.3,0.0,0.0,0.0,36.32,0.0,0.0,17.43,0.0,0.0,0.0,32.32,40.18,0.0,0.0,0.0,29.24,0.0,0.0,0.0
353,0.0,0.0,0.0,40.55,37.61,38.14,0.0,41.55,0.0,36.58,0.0,26.03,0.0,33.76,27.95,0.0,29.27,0.0,0.0,0.0
354,0.0,32.88,0.0,54.94,46.34,55.29,0.0,0.0,0.0,23.34,28.12,0.0,0.0,0.0,42.24,0.0,0.0,45.54,33.66,0.0
355,0.0,0.0,0.0,0.0,0.0,0.0,44.25,0.0,0.0,34.83,0.0,0.0,0.0,0.0,0.0,48.84,0.0,37.57,0.0,0.0
356,0.0,0.0,0.0,0.0,42.32,24.47,68.58,0.0,0.0,0.0,0.0,0.0,17.8,0.0,0.0,0.0,62.2,30.27,0.0,41.62
357,43.31,0.0,0.0,0.0,0.0,0.0,0.0,0.0,0.0,0.0,0.0,0.0,28.87,0.0,24.98,0.0,45.56,52.2,0.0,0.0
358,45.18,0.0,0.0,0.0,52.42,29.39,0.0,0.0,0.0,0.0,0.0,45.54,40.46,41.44,0.0,0.0,47.31,30.31,54.93,0.0
359,0.0,0.0,0.0,0.0,41.8,28.16,0.0,0.0,0.0,0.0,35.28,0.0,38.67,0.0,0.0,0.0,0.0,0.0,50.03,0.0
360,0.0,0.0,0.0,0.0,33.47,0.0,38.22,52.34,26.16,35.32,0.0,0.0,0.0,0.0,0.0,0.0,33.11,0.0,0.0,55.69
361,28.01,0.0,0.0,0.0,52.55,37.5,0.0,0.0,44.43,0.0,0.0,35.71,0.0,0.0,33.53,0.0,22.66,0.0,0.0,31.55
362,47.58,67.37,0.0,0.0,0.0,0.0,0.0,0.0,0.0,0.0,0.0,33.9,0.0,0.0,0.0,0.0,0.0,0.0,0.0,0.0
363,0.0,0.0,0.0,31.45,0.0,0.0,76.89,41.96,0.0,0.0,0.0,0.0,0.0,0.0,31.19,0.0,0.0,0.0,31.98,0.0
364,0.0,0.0,20.66,37.66,0.0,0.0,0.0,0.0,0.0,0.0,30.39,0.0,0.0,31.09,0.0,0.0,32.23,0.0,34.98,0.0
365,0.0,0.0,0.0,34.51,0.0,36.02,75.64,0.0,0.0,0.0,29.48,0.0,0.0,0.0,0.0,0.0,0.0,0.0,0.0,36.38
366,0.0,0.0,0.0,0.0,0.0,0.0,0.0,0.0,64.04,40.34,0.0,38.25,0.0,0.0,49.77,0.0,0.0,0.0,0.0,0.0
367,0.0,0.0,40.62,0.0,40.38,28.27,0.0,23.65,0.0,0.0,0.0,0.0,0.0,52.7,0.0,0.0,0.0,0.0,0.0,0.0
368,0.0,0.0,0.0,0.0,31.18,73.12,0.0,0.0,0.0,0.0,0.0,54.79,0.0,0.0,0.0,0.0,0.0,0.0,0.0,27.28
369,0.0,61.89,0.0,0.0,65.76,35.88,0.0,0.0,33.12,0.0,0.0,0.0,0.0,0.0,0.0,0.0,0.0,0.0,37.43,0.0
370,0.0,0.0,0.0,61.13,0.0,0.0,34.66,0.0,81.34,0.0,41.86,0.0,0.0,57.82,30.3,60.65,32.59,0.0,40.8,0.0
371,0.0,0.0,0.0,49.97,34.12,42.58,38.5,28.53,0.0,0.0,0.0,45.78,0.0,47.86,0.0,34.92,0.0,37.77,42.5,36.42
372,0.0,0.0,0.0,16.72,0.0,0.0,0.0,0.0,53.06,0.0,0.0,0.0,0.0,0.0,0.0,41.48,0.0,0.0,0.0,0.0
373,0.0,0.0,0.0,28.48,0.0,0.0,0.0,0.0,0.0,0.0,0.0,0.0,0.0,0.0,0.0,0.0,30.93,0.0,39.76,0.0
374,0.0,42.31,38.8,54.41,42.85,0.0,0.0,0.0,0.0,0.0,49.8,0.0,0.0,0.0,0.0,0.0,0.0,0.0,62.66,28.15
375,20.88,0.0,0.0,47.64,0.0,17.95,31.18,49.8,38.24,0.0,47.47,30.32,0.0,0.0,0.0,0.0,22.87,0.0,0.0,0.0
376,69.8,0.0,0.0,0.0,0.0,39.03,0.0,30.97,52.07,0.0,0.0,66.85,0.0,0.0,0.0,0.0,0.0,0.0,0.0,24.83
377,0.0,47.26,0.0,0.0,0.0,0.0,0.0,36.16,32.2,29.55,46.21,43.9,39.96,46.18,0.0,0.0,45.03,0.0,0.0,0.0
378,43.67,0.0,0.0,0.0,0.0,51.37,63.04,52.92,0.0,49.4,0.0,0.0,0.0,50.17,38.29,0.0,0.0,40.2,0.0,0.0
379,0.0,0.0,0.0,0.0,0.0,0.0,0.0,0.0,0.0,55.44,30.34,24.2,0.0,44.1,54.76,31.48,0.0,0.0,0.0,0.0
380,0.0,0.0,26.14,0.0,0.0,0.0,38.24,0.0,0.0,54.66,0.0,30.05,0.0,0.0,0.0,20.85,59.43,62.42,35.95,76.27
381,0.0,0.0,29.71,0.0,0.0,0.0,0.0,42.54,0.0,28.61,37.86,0.0,60.21,48.01,0.0,0.0,0.0,0.0,0.0,0.0
382,0.0,0.0,71.13,0.0,0.0,0.0,22.66,0.0,33.55,42.47,0.0,0.0,30.63,0.0,0.0,51.66,43.5,0.0,0.0,0.0
383,53.26,0.0,23.29,0.0,0.0,0.0,32.46,0.0,0.0,0.0,0.0,29.82,0.0,27.4,17.61,0.0,0.0,0.0,0.0,0.0
384,0.0,0.0,0.0,0.0,0.0,50.29,0.0,0.0,61.55,43.46,0.0,0.0,0.0,0.0,0.0,21.07,16.35,0.0,0.0,0.0
385,0.0,0.0,55.7,0.0,0.0,0.0,69.8,0.0,25.46,16.5,0.0,0.0,0.0,0.0,0.0,0.0,0.0,0.0,0.0,39.85
386,0.0,0.0,0.0,50.47,45.99,40.98,50.16,0.0,32.34,24.33,0.0,0.0,0.0,0.0,36.1,0.0,0.0,0.0,30.34,32.85
387,0.0,0.0,63.93,0.0,0.0,0.0,0.0,33.77,51.98,50.01,0.0,50.99,36.94,30.55,0.0,0.0,0.0,0.0,0.0,55.49
388,45.57,0.0,24.18,42.85,0.0,0.0,0.0,0.0,27.82,39.4,0.0,0.0,0.0,25.37,0.0,0.0,0.0,0.0,63.57,57.23
389,0.0,0.0,28.16,0.0,0.0,31.15,0.0,0.0,0.0,0.0,0.0,25.19,0.0,0.0,0.0,37.38,0.0,33.31,56.22,0.0
390,0.0,0.0,0.0,0.0,0.0,0.0,0.0,39.62,21.17,0.0,0.0,45.52,0.0,0.0,0.0,0.0,30.47,0.0,64.48,0.0
391,0.0,23.89,0.0,72.09,0.0,0.0,0.0,0.0,0.0,0.0,0.0,29.44,51.47,0.0,0.0,29.03,26.8,45.92,0.0,0.0
392,0.0,0.0,35.26,0.0,0.0,31.7,0.0,0.0,0.0,0.0,0.0,29.51,0.0,0.0,0.0,0.0,35.59,0.0,0.0,0.0
393,21.19,54.0,0.0,27.97,0.0,0.0,60.63,31.47,64.57,0.0,31.53,0.0,20.09,0.0,24.75,41.61,0.0,0.0,0.0,0.0
394,41.31,0.0,50.4,39.57,0.0,0.0,0.0,0.0,0.0,0.0,38.11,38.04,0.0,51.05,35.98,15.2,0.0,0.0,0.0,44.12
395,0.0,0.0,0.0,48.74,0.0,44.65,45.66,45.97,34.93,25.98,0.0,0.0,55.33,0.0,32.61,0.0,0.0,0.0,0.0,0.0
396,0.0,33.64,0.0,20.3,48.38,35.62,29.9,0.0,0.0,40.73,0.0,0.0,55.3,0.0,0.0,0.0,39.66,0.0,34.96,48.25
397,0.0,29.25,0.0,0.0,0.0,33.55,0.0,0.0,0.0,0.0,0.0,0.0,0.0,46.86,0.0,0.0,0.0,0.0,27.53,40.24
398,0.0,31.17,0.0,0.0,41.52,0.0,31.69,56.35,0.0,0.0,30.09,0.0,33.56,0.0,0.0,27.06,29.84,24.56,0.0,0.0
399,0.0,0.0,0.0,0.0,25.78,0.0,0.0,24.3,0.0,0.0,0.0,0.0,0.0,0.0,0.0,44.45,0.0,34.05,0.0,0.0
400,0.0,0.0,0.0,45.35,68.03,28.72,26.82,0.0,0.0,42.48,46.39,0.0,0.0,29.66,35.75,0.0,37.32,47.48,20.08,27.57
401,0.0,0.0,40.09,0.0,0.0,0.0,34.75,0.0,0.0,0.0,0.0,0.0,0.0,0.0,0.0,0.0,0.0,0.0,0.0,0.0
402,0.0,30.22,0.0,48.1,0.0,0.0,0.0,22.28,22.61,39.67,45.18,0.0,0.0,42.5,46.72,40.69,0.0,0.0,0.0,49.72
403,31.45,0.0,0.0,0.0,0.0,0.0,0.0,44.6,0.0,0.0,0.0,48.11,46.63,40.35,36.85,43.87,0.0,0.0,0.0,19.4
404,0.0,50.68,0.0,40.04,0.0,0.0,0.0,0.0,0.0,63.8,24.33,0.0,31.53,0.0,0.0,0.0,48.16,0.0,0.0,77.33
405,0.0,31.25,0.0,0.0,0.0,0.0,0.0,0.0,0.0,0.0,0.0,44.71,13.68,40.63,0.0,21.76,0.0,62.68,25.29,0.0
406,0.0,27.36,21.34,0.0,0.0,30.18,30.17,0.0,73.41,0.0,0.0,34.78,0.0,0.0,34.19,0.0,0.0,62.36,0.0,0.0
407,51.37,49.23,0.0,0.0,0.0,0.0,0.0,0.0,0.0,65.18,0.0,0.0,0.0,0.0,34.48,29.87,0.0,25.04,0.0,0.0
408,0.0,0.0,0.0,0.0,0.0,27.05,0.0,0.0,0.0,0.0,0.0,0.0,0.0,0.0,0.0,0.0,35.0,40.51,0.0,0.0
409,0.0,42.39,53.66,0.0,0.0,0.0,44.82,28.08,45.22,50.86,74.85,0.0,44.98,51.86,0.0,57.95,31.42,0.0,0.0,35.5
410,36.36,0.0,46.45,0.0,0.0,0.0,0.0,27.23,30.47,58.57,0.0,0.0,0.0,0.0,35.85,0.0,0.0,67.2,0.0,43.48
411,28.65,0.0,25.01,0.0,0.0,0.0,0.0,83.16,0.0,0.0,0.0,25.07,0.0,82.77,0.0,41.17,0.0,32.85,0.0,0.0
412,52.03,0.0,0.0,0.0,36.72,33.8,22.62,0.0,0.0,0.0,0.0,0.0,0.0,33.79,39.49,0.0,0.0,53.94,41.1,0.0
413,0.0,0.0,26.68,49.6,0.0,0.0,40.41,0.0,0.0,0.0,30.14,0.0,0.0,0.0,22.15,0.0,0.0,32.49,48.11,0.0
414,0.0,0.0,0.0,0.0,0.0,0.0,43.88,0.0,54.68,0.0,0.0,0.0,0.0,0.0,0.0,0.0,0.0,0.0,38.39,28.24
415,0.0,0.0,0.0,0.0,0.0,0.0,0.0,0.0,0.0,34.75,0.0,0.0,34.52,0.0,0.0,50.63,0.0,39.3,0.0,0.0
416,0.0,0.0,32.43,37.12,0.0,0.0,0.0,65.94,0.0,0.0,0.0,0.0,0.0,0.0,48.67,0.0,0.0,39.08,0.0,42.99
417,44.16,0.0,0.0,0.0,0.0,0.0,0.0,0.0,0.0,0.0,49.56,0.0,0.0,0.0,47.18,0.0,0.0,0.0,0.0,0.0
418,34.22,0.0,0.0,0.0,0.0,0.0,0.0,0.0,0.0,0.0,0.0,0.0,0.0,41.15,53.17,21.22,40.27,44.97,0.0,0.0
419,0.0,39.1,0.0,0.0,0.0,0.0,0.0,24.15,0.0,0.0,0.0,0.0,0.0,0.0,0.0,0.0,23.31,0.0,38.05,0.0
420,47.56,0.0,37.08,0.0,36.79,0.0,0.0,0.0,35.51,0.0,0.0,42.13,0.0,31.34,0.0,55.88,0.0,0.0,0.0,53.98
421,0.0,66.64,0.0,38.64,72.4,0.0,0.0,0.0,0.0,0.0,0.0,0.0,0.0,0.0,0.0,63.42,0.0,0.0,0.0,0.0
422,0.0,0.0,0.0,0.0,25.76,0.0,0.0,0.0,36.1,0.0,0.0,0.0,0.0,0.0,0.0,34.26,31.14,0.0,0.0,0.0
423,0.0,0.0,0.0,0.0,0.0,0.0,52.28,0.0,0.0,0.0,0.0,54.84,0.0,0.0,0.0,0.0,21.8,0.0,58.84,0.0
424,0.0,0.0,0.0,38.53,0.0,0.0,0.0,0.0,0.0,0.0,0.0,49.37,0.0,0.0,0.0,17.47,0.0,0.0,0.0,0.0
425,0.0,0.0,34.12,0.0,0.0,0.0,0.0,25.44,0.0,0.0,0.0,53.78,0.0,0.0,0.0,59.57,0.0,0.0,0.0,0.0
426,0.0,0.0,0.0,0.0,0.0,0.0,0.0,0.0,0.0,33.16,0.0,41.69,32.51,0.0,0.0,0.0,33.58,0.0,0.0,37.26
427,34.12,0.0,0.0,0.0,0.0,0.0,32.21,0.0,0.0,44.86,51.76,63.34,0.0,51.9,45.81,0.0,47.37,0.0,0.0,0.0
428,55.99,0.0,0.0,47.35,64.08,0.0,0.0,0.0,0.0,0.0,39.62,67.76,54.3,49.33,39.71,29.78,0.0,49.75,51.67,0.0
429,0.0,0.0,0.0,35.91,0.0,0.0,0.0,20.32,59.5,40.66,0.0,0.0,0.0,0.0,27.27,0.0,41.39,33.36,0.0,38.38
430,34.93,0.0,0.0,0.0,0.0,0.0,0.0,0.0,33.64,0.0,24.32,0.0,0.0,38.24,42.67,25.12,25.22,40.48,0.0,0.0
431,0.0,0.0,35.63,0.0,42.43,45.71,0.0,0.0,0.0,0.0,16.49,0.0,0.0,0.0,0.0,0.0,36.04,0.0,0.0,0.0
432,56.29,22.57,0.0,43.32,0.0,0.0,58.56,39.64,36.91,0.0,38.22,0.0,0.0,0.0,0.0,0.0,49.4,0.0,0.0,0.0
433,0.0,32.8,0.0,0.0,0.0,31.3,31.77,25.86,0.0,0.0,0.0,0.0,43.43,0.0,0.0,0.0,0.0,0.0,0.0,0.0
434,0.0,29.85,0.0,0.0,0.0,0.0,26.0,16.82,0.0,54.91,0.0,0.0,0.0,0.0,0.0,0.0,0.0,0.0,0.0,0.0
435,31.29,45.09,57.15,0.0,40.54,27.38,36.22,0.0,0.0,0.0,35.26,0.0,0.0,0.0,35.62,0.0,45.63,0.0,28.65,0.0
436,33.55,0.0,0.0,0.0,36.37,0.0,0.0,0.0,48.62,0.0,0.0,0.0,0.0,0.0,0.0,31.49,0.0,37.09,0.0,0.0
437,0.0,0.0,0.0,0.0,0.0,0.0,0.0,48.31,0.0,0.0,0.0,0.0,0.0,44.63,0.0,36.52,0.0,0.0,0.0,0.0
438,0.0,0.0,0.0,0.0,0.0,0.0,0.0,0.0,0.0,27.0,0.0,0.0,31.62,0.0,33.22,33.93,0.0,0.0,45.06,0.0
439,0.0,0.0,29.2,54.27,33.46,0.0,0.0,0.0,0.0,0.0,32.85,0.0,0.0,0.0,0.0,19.57,31.18,0.0,0.0,0.0
440,0.0,0.0,0.0,0.0,0.0,43.48,0.0,0.0,0.0,0.0,0.0,47.13,0.0,51.5,0.0,0.0,0.0,0.0,0.0,0.0
441,0.0,0.0,0.0,0.0,0.0,37.26,60.58,46.02,0.0,29.27,41.93,0.0,0.0,0.0,0.0,45.08,44.5,0.0,56.67,31.01
442,37.68,0.0,0.0,55.89,0.0,0.0,0.0,0.0,0.0,0.0,31.78,55.99,64.0,48.12,0.0,35.21,0.0,0.0,0.0,0.0
443,31.95,0.0,46.35,0.0,41.36,43.12,23.02,0.0,39.45,0.0,0.0,28.06,0.0,0.0,39.21,0.0,25.6,35.5,23.12,0.0
444,33.05,0.0,0.0,54.93,41.47,0.0,21.47,0.0,0.0,0.0,41.88,0.0,0.0,53.33,57.09,0.0,0.0,57.95,44.6,0.0
445,31.79,41.7,57.52,59.2,29.28,51.24,26.88,0.0,0.0,0.0,52.52,0.0,0.0,23.72,27.16,0.0,0.0,0.0,0.0,0.0
446,48.4,0.0,0.0,0.0,0.0,0.0,0.0,0.0,37.86,0.0,0.0,44.22,40.72,0.0,0.0,0.0,47.49,0.0,38.44,0.0
447,0.0,0.0,0.0,0.0,0.0,0.0,45.46,0.0,0.0,33.84,32.52,0.0,52.61,50.39,30.53,42.27,0.0,0.0,0.0,0.0
448,0.0,62.7,0.0,0.0,43.29,0.0,0.0,0.0,0.0,0.0,0.0,0.0,0.0,32.34,37.48,0.0,28.27,23.2,0.0,0.0
449,0.0,0.0,0.0,0.0,0.0,0.0,43.3,0.0,63.94,0.0,0.0,42.95,0.0,0.0,33.51,0.0,0.0,39.3,30.18,0.0
450,35.67,0.0,0.0,67.64,0.0,72.04,0.0,0.0,57.97,32.42,0.0,0.0,51.72,0.0,0.0,0.0,0.0,22.33,0.0,0.0
451,61.46,0.0,26.92,0.0,0.0,0.0,0.0,0.0,50.08,0.0,35.26,0.0,0.0,44.36,41.24,55.77,22.03,29.8,0.0,26.59
452,21.12,0.0,25.26,41.04,0.0,0.0,41.73,0.0,0.0,0.0,0.0,0.0,39.82,0.0,0.0,30.13,0.0,28.51,0.0,0.0
453,0.0,0.0,0.0,0.0,0.0,0.0,30.95,0.0,0.0,0.0,0.0,0.0,0.0,45.73,0.0,0.0,0.0,65.71,0.0,0.0
454,0.0,0.0,32.49,0.0,0.0,0.0,0.0,0.0,0.0,0.0,0.0,0.0,0.0,0.0,0.0,0.0,0.0,38.58,25.64,0.0
455,28.5,0.0,42.33,0.0,0.0,0.0,49.11,0.0,0.0,42.31,0.0,19.97,0.0,0.0,0.0,0.0,0.0,28.02,24.7,0.0
456,0.0,48.81,0.0,0.0,0.0,23.02,17.24,0.0,43.59,0.0,48.5,0.0,0.0,35.83,0.0,34.14,0.0,29.16,29.93,0.0
457,0.0,0.0,0.0,0.0,0.0,0.0,34.73,0.0,0.0,26.58,51.82,0.0,0.0,0.0,67.88,0.0,26.59,53.62,76.14,28.47
458,0.0,52.38,0.0,0.0,0.0,0.0,0.0,53.76,35.12,0.0,41.07,0.0,0.0,0.0,0.0,0.0,56.22,0.0,0.0,0.0
459,0.0,0.0,0.0,0.0,0.0,0.0,0.0,0.0,0.0,0.0,0.0,0.0,0.0,44.53,27.31,0.0,0.0,45.64,34.17,0.0
460,0.0,29.07,0.0,35.35,51.19,0.0,53.71,0.0,0.0,31.65,36.78,58.9,0.0,0.0,57.79,0.0,0.0,0.0,0.0,0.0
461,0.0,0.0,0.0,0.0,29.77,0.0,28.35,0.0,38.4,0.0,0.0,0.0,0.0,0.0,52.21,0.0,40.2,0.0,34.86,50.5
462,0.0,0.0,75.98,37.99,22.23,0.0,0.0,19.49,0.0,42.56,0.0,0.0,0.0,0.0,0.0,36.16,0.0,0.0,41.65,0.0
463,55.71,22.29,38.9,0.0,29.33,0.0,48.13,0.0,30.34,0.0,0.0,30.99,0.0,52.39,43.35,0.0,0.0,45.53,0.0,31.68
464,48.82,0.0,54.34,0.0,62.89,0.0,46.25,0.0,0.0,0.0,0.0,52.86,0.0,0.0,28.47,0.0,0.0,0.0,0.0,0.0
465,0.0,39.71,0.0,26.67,0.0,0.0,0.0,0.0,0.0,57.29,36.04,30.89,32.4,0.0,0.0,0.0,0.0,0.0,29.84,30.67
466,25.96,55.92,0.0,46.44,0.0,0.0,0.0,0.0,0.0,0.0,60.63,0.0,0.0,0.0,37.37,0.0,0.0,39.62,0.0,59.37
467,26.43,0.0,0.0,21.62,0.0,0.0,0.0,0.0,45.54,0.0,0.0,0.0,27.08,0.0,0.0,57.54,37.9,0.0,0.0,0.0
468,0.0,0.0,0.0,0.0,40.29,0.0,42.14,0.0,0.0,0.0,0.0,0.0,0.0,0.0,0.0,0.0,0.0,0.0,52.25,0.0
469,0.0,0.0,0.0,0.0,0.0,0.0,21.93,0.0,21.94,0.0,0.0,0.0,29.25,0.0,0.0,0.0,0.0,0.0,0.0,0.0
470,42.2,0.0,48.23,0.0,32.18,43.69,0.0,27.25,39.74,30.85,34.81,0.0,0.0,48.31,37.37,24.25,0.0,0.0,0.0,0.0
471,0.0,0.0,0.0,0.0,0.0,0.0,0.0,37.67,31.28,0.0,0.0,0.0,0.0,0.0,0.0,0.0,0.0,0.0,33.44,0.0
472,0.0,36.28,25.25,25.11,0.0,54.03,0.0,0.0,62.15,0.0,0.0,45.24,0.0,0.0,0.0,0.0,0.0,0.0,0.0,0.0
473,0.0,0.0,40.55,0.0,20.19,0.0,0.0,0.0,0.0,0.0,0.0,0.0,0.0,28.07,28.29,0.0,82.0,52.91,0.0,0.0
474,37.56,0.0,0.0,0.0,0.0,0.0,0.0,0.0,0.0,0.0,36.95,0.0,36.07,0.0,0.0,0.0,0.0,0.0,58.62,0.0
475,38.95,41.03,18.3,0.0,0.0,0.0,26.06,0.0,35.64,25.8,58.62,0.0,0.0,0.0,0.0,0.0,35.51,0.0,0.0,41.52
476,0.0,50.47,51.2,31.66,30.64,0.0,41.68,0.0,0.0,50.98,0.0,0.0,0.0,0.0,0.0,52.95,0.0,58.52,0.0,20.04
477,41.87,25.41,0.0,0.0,0.0,0.0,0.0,0.0,0.0,0.0,21.19,0.0,69.94,38.67,0.0,0.0,0.0,0.0,0.0,20.75
478,0.0,45.89,0.0,0.0,0.0,0.0,29.03,0.0,0.0,42.1,0.0,0.0,0.0,34.56,36.24,0.0,63.54,62.95,0.0,53.41
479,0.0,0.0,0.0,0.0,26.6,45.41,0.0,49.27,0.0,41.6,55.4,0.0,0.0,46.94,0.0,0.0,0.0,43.53,0.0,0.0
480,22.79,0.0,0.0,0.0,0.0,0.0,0.0,36.25,0.0,0.0,0.0,0.0,29.11,0.0,35.89,0.0,27.7,0.0,0.0,0.0
481,23.78,51.47,0.0,25.0,40.2,42.68,0.0,18.74,0.0,0.0,40.94,0.0,34.38,0.0,32.66,0.0,0.0,0.0,21.12,32.94
482,0.0,40.12,0.0,0.0,0.0,10.96,0.0,0.0,0.0,0.0,0.0,0.0,32.75,0.0,0.0,59.55,47.78,0.0,0.0,37.72
483,0.0,31.9,0.0,56.09,12.98,0.0,51.24,0.0,38.31,0.0,0.0,16.15,0.0,59.18,0.0,0.0,0.0,35.61,0.0,0.0
484,0.0,55.81,0.0,50.36,0.0,56.56,25.18,33.87,0.0,0.0,0.0,0.0,38.8,0.0,0.0,0.0,33.64,0.0,0.0,0.0
485,0.0,27.58,39.52,0.0,0.0,20.94,37.3,0.0,0.0,42.82,0.0,0.0,0.0,0.0,0.0,0.0,28.89,0.0,34.21,48.08
486,68.45,0.0,44.75,0.0,31.07,0.0,0.0,0.0,0.0,45.89,0.0,0.0,0.0,0.0,65.17,0.0,0.0,0.0,29.67,71.91
487,31.7,33.95,30.22,0.0,60.81,43.83,42.57,0.0,0.0,0.0,0.0,0.0,0.0,49.45,43.67,0.0,35.88,37.03,0.0,74.22
488,0.0,0.0,0.0,0.0,0.0,0.0,0.0,0.0,25.2,0.0,0.0,0.0,0.0,0.0,0.0,0.0,46.97,0.0,0.0,0.0
489,0.0,0.0,37.78,39.31,33.68,0.0,0.0,0.0,0.0,0.0,0.0,35.56,0.0,42.25,0.0,0.0,0.0,0.0,0.0,0.0
490,0.0,0.0,50.98,0.0,0.0,0.0,38.16,37.58,0.0,0.0,0.0,0.0,0.0,58.39,0.0,43.52,50.09,0.0,0.0,0.0
491,56.27,0.0,0.0,0.0,0.0,0.0,0.0,0.0,50.26,0.0,39.57,0.0,0.0,0.0,0.0,0.0,0.0,0.0,59.79,0.0
492,0.0,0.0,0.0,0.0,22.38,0.0,52.41,0.0,19.03,0.0,36.1,32.15,0.0,25.3,0.0,0.0,27.25,41.67,0.0,0.0
493,0.0,0.0,55.08,0.0,0.0,0.0,37.63,0.0,25.78,40.96,37.54,0.0,0.0,39.88,47.75,0.0,0.0,0.0,20.36,0.0
494,0.0,0.0,0.0,0.0,0.0,0.0,0.0,0.0,0.0,0.0,37.28,0.0,0.0,0.0,0.0,0.0,0.0,0.0,58.18,27.9
495,33.39,43.47,0.0,0.0,0.0,17.12,67.95,0.0,0.0,0.0,0.0,0.0,0.0,31.89,0.0,0.0,23.33,0.0,49.26,0.0
496,0.0,34.65,0.0,31.01,22.52,0.0,25.66,0.0,0.0,0.0,0.0,40.29,0.0,0.0,0.0,0.0,0.0,0.0,0.0,0.0
497,0.0,0.0,0.0,0.0,0.0,37.67,0.0,0.0,38.57,0.0,0.0,0.0,0.0,0.0,0.0,0.0,0.0,59.05,0.0,0.0
498,0.0,35.12,31.68,0.0,0.0,45.51,0.0,0.0,0.0,39.46,36.72,0.0,0.0,0.0,0.0,0.0,34.18,0.0,0.0,0.0
499,0.0,0.0,35.28,0.0,0.0,0.0,0.0,82.71,0.0,0.0,0.0,0.0,0.0,50.59,38.62,53.69,43.58,39.64,0.0,28.91
500,22.46,0.0,0.0,0.0,19.23,0.0,0.0,55.71,45.73,0.0,0.0,0.0,0.0,0.0,0.0,18.31,18.73,0.0,0.0,0.0
